id,perception,pragmatics,production,simScaling,pragWeight,costWeight,infWeight,logLikelihood,posteriorProb
0,human_full25k,S1,cost,6.941654558864384,1,3.583141741257063,2.9420279154246813,-2421.9473818728816,-6.907755278982137
1,human_full25k,S1,cost,6.941654558864384,1,3.583141741257063,2.9954310013119168,-2417.457662079437,-6.214608098422191
2,human_full25k,S1,cost,6.941654558864384,1,3.583141741257063,3.021439546269316,-2415.446467712227,-6.907755278982137
3,human_full25k,S1,cost,6.941654558864384,1,3.583141741257063,3.078820907375917,-2411.409640376462,-6.907755278982137
4,human_full25k,S1,cost,6.941654558864384,1,3.5106118354372056,3.078820907375917,-2409.538508756596,-6.907755278982137
5,human_full25k,S1,cost,6.941654558864384,1,3.4827703482286987,3.078820907375917,-2408.8285747414257,-6.214608098422191
6,human_full25k,S1,cost,6.939843046775824,1,3.4827703482286987,3.078820907375917,-2408.81857302944,-6.214608098422191
7,human_full25k,S1,cost,6.023364339196486,1,3.4827703482286987,3.078820907375917,-2407.168569549192,-6.214608098422191
8,human_full25k,S1,cost,6.6640263020095665,1,3.4827703482286987,3.078820907375917,-2407.5734308332617,-6.214608098422191
9,human_full25k,S1,cost,6.6640263020095665,1,3.4230123825109966,3.078820907375917,-2406.0763924123003,-6.907755278982137
10,human_full25k,S1,cost,6.6640263020095665,1,3.4230123825109966,3.150819964022807,-2401.4855708070686,-6.907755278982137
11,human_full25k,S1,cost,6.214459217022262,1,3.4230123825109966,3.150819964022807,-2400.2428725748496,-6.907755278982137
12,human_full25k,S1,cost,6.214459217022262,1,3.4230123825109966,3.221125997092432,-2396.018627632576,-6.907755278982137
13,human_full25k,S1,cost,6.214459217022262,1,3.4230123825109966,3.3048847688695235,-2392.00580735845,-6.214608098422191
14,human_full25k,S1,cost,6.214459217022262,1,3.4230123825109966,3.3101874331664805,-2391.7883349776384,-6.907755278982137
15,human_full25k,S1,cost,6.214459217022262,1,3.4230123825109966,3.251338270573008,-2394.444932592389,-6.214608098422191
16,human_full25k,S1,cost,6.214459217022262,1,3.4230123825109966,3.3369605757613807,-2390.75580610567,-5.298317366548036
17,human_full25k,S1,cost,5.924341535454424,1,3.4230123825109966,3.3369605757613807,-2389.9632567920007,-6.214608098422191
18,human_full25k,S1,cost,5.924341535454424,1,3.3671406694953925,3.3369605757613807,-2388.6634766672087,-6.214608098422191
19,human_full25k,S1,cost,5.985676584284835,1,3.3671406694953925,3.3369605757613807,-2388.7595894561905,-6.907755278982137
20,human_full25k,S1,cost,6.243702955881919,1,3.3671406694953925,3.3369605757613807,-2389.56519155507,-5.809142990314028
21,human_full25k,S1,cost,6.243702955881919,1,3.3671406694953925,3.3863294947623395,-2387.979551443788,-5.521460917862246
22,human_full25k,S1,cost,5.449774875737417,1,3.3671406694953925,3.3863294947623395,-2387.0072645343366,-6.907755278982137
23,human_full25k,S1,cost,5.571692978220768,1,3.3671406694953925,3.3863294947623395,-2386.6964841107483,-6.214608098422191
24,human_full25k,S1,cost,5.536522117893601,1,3.3671406694953925,3.3863294947623395,-2386.7666667352414,-6.907755278982137
25,human_full25k,S1,cost,5.536522117893601,1,3.3671406694953925,3.410646288833974,-2385.7916268608255,-5.809142990314028
26,human_full25k,S1,cost,5.536522117893601,1,3.412991725605189,3.410646288833974,-2386.829750346288,-5.809142990314028
27,human_full25k,S1,cost,5.536522117893601,1,3.3132267226380816,3.410646288833974,-2384.5877100347116,-6.214608098422191
28,human_full25k,S1,cost,5.620411622933023,1,3.3132267226380816,3.410646288833974,-2384.484117066995,-6.907755278982137
29,human_full25k,S1,cost,5.620411622933023,1,3.3132267226380816,3.3904503333806595,-2385.2484105418202,-5.521460917862246
30,human_full25k,S1,cost,5.620411622933023,1,3.2218375686515635,3.3904503333806595,-2383.2360752132818,-6.907755278982137
31,human_full25k,S1,cost,5.620411622933023,1,3.2218375686515635,3.386784277621332,-2383.380081586036,-5.809142990314028
32,human_full25k,S1,cost,5.620411622933023,1,3.2218375686515635,3.4751886828075396,-2380.4635595728037,-6.907755278982137
33,human_full25k,S1,cost,5.690666624042413,1,3.2218375686515635,3.4751886828075396,-2380.526876935129,-6.907755278982137
34,human_full25k,S1,cost,5.690666624042413,1,3.267868238918287,3.4751886828075396,-2381.5217863650673,-6.907755278982137
35,human_full25k,S1,cost,5.690666624042413,1,3.267868238918287,3.5691984800946206,-2379.776371776627,-6.907755278982137
36,human_full25k,S1,cost,5.690666624042413,1,3.198269861304816,3.5691984800946206,-2378.3017888038703,-5.809142990314028
37,human_full25k,S1,cost,5.690666624042413,1,3.1429035517574504,3.5691984800946206,-2377.150910066094,-6.907755278982137
38,human_full25k,S1,cost,5.690666624042413,1,3.1429035517574504,3.6230716554563975,-2376.7318468209032,-6.907755278982137
39,human_full25k,S1,cost,5.690666624042413,1,3.128073797967065,3.6230716554563975,-2376.429915988332,-6.214608098422191
40,human_full25k,S1,cost,5.690666624042413,1,3.0780363622460793,3.6230716554563975,-2375.4217265137154,-5.521460917862246
41,human_full25k,S1,cost,5.690666624042413,1,3.0288876160472245,3.6230716554563975,-2374.44741193957,-6.907755278982137
42,human_full25k,S1,cost,5.690666624042413,1,2.977315253412861,3.6230716554563975,-2373.4422168263213,-5.809142990314028
43,human_full25k,S1,cost,5.690666624042413,1,2.9859578574385623,3.6230716554563975,-2373.6094369266816,-6.214608098422191
44,human_full25k,S1,cost,5.690666624042413,1,2.941057377790564,3.6230716554563975,-2372.746122962842,-6.214608098422191
45,human_full25k,S1,cost,5.240685557217905,1,2.941057377790564,3.6230716554563975,-2372.1164189126075,-6.907755278982137
46,human_full25k,S1,cost,5.240685557217905,1,2.941057377790564,3.6537925437476924,-2371.796333753145,-6.907755278982137
47,human_full25k,S1,cost,5.240685557217905,1,2.941057377790564,3.697624556321851,-2371.5605959373256,-6.907755278982137
48,human_full25k,S1,cost,5.240685557217905,1,2.843878971368178,3.697624556321851,-2369.8100363738968,-6.907755278982137
49,human_full25k,S1,cost,5.240685557217905,1,2.843878971368178,3.7332300935625904,-2369.8202348296286,-6.214608098422191
50,human_full25k,S1,cost,5.240685557217905,1,2.827845495376317,3.7332300935625904,-2369.5398714635985,-6.907755278982137
51,human_full25k,S1,cost,5.240685557217905,1,2.827845495376317,3.7023225063517904,-2369.519485134869,-6.907755278982137
52,human_full25k,S1,cost,5.240685557217905,1,2.827845495376317,3.6076510049171695,-2370.2520232201805,-6.907755278982137
53,human_full25k,S1,cost,5.240685557217905,1,2.8380024526869376,3.6076510049171695,-2370.434505203689,-6.907755278982137
54,human_full25k,S1,cost,5.7370747915630815,1,2.8380024526869376,3.6076510049171695,-2371.0507341657076,-6.907755278982137
55,human_full25k,S1,cost,5.664527164575659,1,2.8380024526869376,3.6076510049171695,-2370.790252165725,-6.907755278982137
56,human_full25k,S1,cost,5.664527164575659,1,2.8380024526869376,3.5865555914325755,-2370.93790670261,-6.907755278982137
57,human_full25k,S1,cost,4.911175260182066,1,2.8380024526869376,3.5865555914325755,-2372.2734661438462,-6.907755278982137
58,human_full25k,S1,cost,4.911175260182066,1,2.7656534361965144,3.5865555914325755,-2371.004030687553,-6.214608098422191
59,human_full25k,S1,cost,4.911175260182066,1,2.7656534361965144,3.588397887557923,-2370.9589308763684,-5.521460917862246
60,human_full25k,S1,cost,4.911175260182066,1,2.7069594496355966,3.588397887557923,-2369.9563674610513,-6.907755278982137
61,human_full25k,S1,cost,4.911175260182066,1,2.7069594496355966,3.6682075852357245,-2368.475250602737,-6.214608098422191
62,human_full25k,S1,cost,4.911175260182066,1,2.7069594496355966,3.74547184186356,-2367.8659811029192,-6.907755278982137
63,human_full25k,S1,cost,4.911175260182066,1,2.6169514506392915,3.74547184186356,-2366.4356595377753,-6.214608098422191
64,human_full25k,S1,cost,4.911175260182066,1,2.6169514506392915,3.7179739207867435,-2366.5508493476827,-6.907755278982137
65,human_full25k,S1,cost,5.09838693368333,1,2.6169514506392915,3.7179739207867435,-2366.0465476857844,-6.907755278982137
66,human_full25k,S1,cost,5.09838693368333,1,2.6169514506392915,3.634143779912791,-2366.651082760776,-6.907755278982137
67,human_full25k,S1,cost,5.09838693368333,1,2.6169514506392915,3.6913854293188195,-2366.1361032150653,-6.907755278982137
68,human_full25k,S1,cost,5.09838693368333,1,2.6845239642512992,3.6913854293188195,-2367.231865903535,-6.907755278982137
69,human_full25k,S1,cost,5.09838693368333,1,2.6845239642512992,3.640748961892948,-2367.678744197552,-6.214608098422191
70,human_full25k,S1,cost,5.123694573750198,1,2.6845239642512992,3.640748961892948,-2367.6050884653437,-6.907755278982137
71,human_full25k,S1,cost,5.123694573750198,1,2.6738934566321295,3.640748961892948,-2367.4280913425314,-6.907755278982137
72,human_full25k,S1,cost,5.123694573750198,1,2.7108220526711575,3.640748961892948,-2368.046378823386,-6.907755278982137
73,human_full25k,S1,cost,5.123694573750198,1,2.7108220526711575,3.6466667041711585,-2367.978999870121,-6.907755278982137
74,human_full25k,S1,cost,4.955214296091885,1,2.7108220526711575,3.6466667041711585,-2368.616140783042,-6.214608098422191
75,human_full25k,S1,cost,5.251251529257245,1,2.7108220526711575,3.6466667041711585,-2367.7604148200217,-6.907755278982137
76,human_full25k,S1,cost,5.251251529257245,1,2.629236513636595,3.6466667041711585,-2366.3993060890207,-6.907755278982137
77,human_full25k,S1,cost,5.251251529257245,1,2.629236513636595,3.6417098218224466,-2366.4397243005724,-6.214608098422191
78,human_full25k,S1,cost,5.304868124759087,1,2.629236513636595,3.6417098218224466,-2366.401025596494,-6.907755278982137
79,human_full25k,S1,cost,5.304868124759087,1,2.629236513636595,3.724718957201233,-2366.253448235766,-6.907755278982137
80,human_full25k,S1,cost,5.304868124759087,1,2.629236513636595,3.6796047649730044,-2366.219781154992,-6.907755278982137
81,human_full25k,S1,cost,5.304868124759087,1,2.629236513636595,3.719638406013339,-2366.2362765362927,-6.907755278982137
82,human_full25k,S1,cost,5.137480046081284,1,2.629236513636595,3.719638406013339,-2366.197189185563,-5.809142990314028
83,human_full25k,S1,cost,5.137480046081284,1,2.629236513636595,3.7425469618405045,-2366.2188450742287,-6.907755278982137
84,human_full25k,S1,cost,5.137480046081284,1,2.5991061440372647,3.7425469618405045,-2365.743188524981,-6.907755278982137
85,human_full25k,S1,cost,5.137480046081284,1,2.5991061440372647,3.76935649983505,-2365.8585783700278,-6.214608098422191
86,human_full25k,S1,cost,5.137480046081284,1,2.65074412657196,3.76935649983505,-2366.672178012127,-6.214608098422191
87,human_full25k,S1,cost,5.137480046081284,1,2.6837202563529527,3.76935649983505,-2367.201692395453,-5.809142990314028
88,human_full25k,S1,cost,5.137480046081284,1,2.5914183387053424,3.76935649983505,-2365.739085523241,-6.907755278982137
89,human_full25k,S1,cost,5.137480046081284,1,2.643269604378858,3.76935649983505,-2366.5532309552896,-6.907755278982137
90,human_full25k,S1,cost,4.851381271011465,1,2.643269604378858,3.76935649983505,-2367.0180249458217,-5.809142990314028
91,human_full25k,S1,cost,4.851381271011465,1,2.643269604378858,3.8022052723007587,-2367.0604377004597,-6.907755278982137
92,human_full25k,S1,cost,4.851381271011465,1,2.643269604378858,3.743655792599455,-2367.0826529687174,-6.214608098422191
93,human_full25k,S1,cost,4.851381271011465,1,2.643269604378858,3.7780022252337675,-2367.015656878627,-6.907755278982137
94,human_full25k,S1,cost,4.851381271011465,1,2.643269604378858,3.7060159640489867,-2367.3345192617267,-6.907755278982137
95,human_full25k,S1,cost,5.464608688179763,1,2.643269604378858,3.7060159640489867,-2366.7399337150537,-6.214608098422191
96,human_full25k,S1,cost,5.464608688179763,1,2.643269604378858,3.7509218875151866,-2367.0704377961133,-5.809142990314028
97,human_full25k,S1,cost,5.464608688179763,1,2.5613527015554873,3.7509218875151866,-2365.758558569356,-6.907755278982137
98,human_full25k,S1,cost,5.464608688179763,1,2.5613527015554873,3.8315855092038937,-2367.0205564002267,-6.907755278982137
99,human_full25k,S1,cost,5.464608688179763,1,2.5613527015554873,3.816694145021401,-2366.7265795171015,-6.907755278982137
100,human_full25k,S1,cost,5.464608688179763,1,2.564232220576827,3.816694145021401,-2366.7711637913867,-6.907755278982137
101,human_full25k,S1,cost,5.464608688179763,1,2.583590273019042,3.816694145021401,-2367.072438874144,-6.907755278982137
102,human_full25k,S1,cost,5.464608688179763,1,2.50658918531585,3.816694145021401,-2365.8900800796705,-6.907755278982137
103,human_full25k,S1,cost,5.049574020362921,1,2.50658918531585,3.816694145021401,-2364.8392434625953,-6.907755278982137
104,human_full25k,S1,cost,5.049574020362921,1,2.50658918531585,3.7912962292210004,-2364.613810998331,-5.521460917862246
105,human_full25k,S1,cost,5.049574020362921,1,2.50658918531585,3.8107822070756,-2364.779467098142,-6.907755278982137
106,human_full25k,S1,cost,5.049574020362921,1,2.50658918531585,3.827653761133484,-2364.961708129475,-6.907755278982137
107,human_full25k,S1,cost,5.049574020362921,1,2.50658918531585,3.835100307380843,-2365.0535186538773,-6.907755278982137
108,human_full25k,S1,cost,4.954630844911318,1,2.50658918531585,3.835100307380843,-2365.064610861981,-5.809142990314028
109,human_full25k,S1,cost,4.954630844911318,1,2.5647424152865907,3.835100307380843,-2365.916745894157,-6.907755278982137
110,human_full25k,S1,cost,4.954630844911318,1,2.589559231453004,3.835100307380843,-2366.28787833824,-5.115995809754082
111,human_full25k,S1,cost,4.954630844911318,1,2.57982520988915,3.835100307380843,-2366.14177586289,-6.907755278982137
112,human_full25k,S1,cost,5.452272468664918,1,2.57982520988915,3.835100307380843,-2367.3160976702766,-6.907755278982137
113,human_full25k,S1,cost,5.452272468664918,1,2.521548872131654,3.835100307380843,-2366.423728540568,-6.214608098422191
114,human_full25k,S1,cost,5.452272468664918,1,2.521548872131654,3.788125132568095,-2365.5731861461845,-6.214608098422191
115,human_full25k,S1,cost,4.526594508254861,1,2.521548872131654,3.788125132568095,-2367.109573254517,-6.907755278982137
116,human_full25k,S1,cost,4.526594508254861,1,2.5367058091551304,3.788125132568095,-2367.3278633022082,-6.907755278982137
117,human_full25k,S1,cost,4.526594508254861,1,2.5367058091551304,3.8057660697927167,-2367.2319205757217,-6.907755278982137
118,human_full25k,S1,cost,4.526594508254861,1,2.5303825801422217,3.8057660697927167,-2367.14114495738,-6.907755278982137
119,human_full25k,S1,cost,4.526594508254861,1,2.556884315626428,3.8057660697927167,-2367.523559042324,-6.907755278982137
120,human_full25k,S1,cost,5.147440742058405,1,2.556884315626428,3.8057660697927167,-2365.528772375272,-6.907755278982137
121,human_full25k,S1,cost,5.147440742058405,1,2.556884315626428,3.782150241635019,-2365.30288330619,-6.907755278982137
122,human_full25k,S1,cost,5.147440742058405,1,2.556884315626428,3.8603715194747097,-2366.319316383161,-6.907755278982137
123,human_full25k,S1,cost,5.147440742058405,1,2.556884315626428,3.868924126436349,-2366.4765640576456,-5.809142990314028
124,human_full25k,S1,cost,5.147440742058405,1,2.556884315626428,3.8210911309528433,-2365.7130822751037,-6.907755278982137
125,human_full25k,S1,cost,5.147440742058405,1,2.556884315626428,3.7416747876503793,-2365.0818684935007,-6.907755278982137
126,human_full25k,S1,cost,5.147440742058405,1,2.6101783001067758,3.7416747876503793,-2365.9121930274114,-6.907755278982137
127,human_full25k,S1,cost,5.147440742058405,1,2.6101783001067758,3.6928327990786896,-2365.940535820016,-6.907755278982137
128,human_full25k,S1,cost,5.147440742058405,1,2.574601142150387,3.6928327990786896,-2365.3769482634716,-6.907755278982137
129,human_full25k,S1,cost,5.147440742058405,1,2.574601142150387,3.6831667158466357,-2365.418636436025,-6.214608098422191
130,human_full25k,S1,cost,5.132295045282314,1,2.574601142150387,3.6831667158466357,-2365.443792686824,-5.809142990314028
131,human_full25k,S1,cost,5.132295045282314,1,2.574601142150387,3.7013870642083537,-2365.36943429967,-5.809142990314028
132,human_full25k,S1,cost,5.419991916149547,1,2.574601142150387,3.7013870642083537,-2365.4979887579507,-6.907755278982137
133,human_full25k,S1,cost,5.419991916149547,1,2.6196835347649507,3.7013870642083537,-2366.224724393785,-6.907755278982137
134,human_full25k,S1,cost,6.174272754125349,1,2.6196835347649507,3.7013870642083537,-2370.6511138554733,-6.214608098422191
135,human_full25k,S1,cost,6.174272754125349,1,2.646915464484498,3.7013870642083537,-2371.119001641745,-6.907755278982137
136,human_full25k,S1,cost,6.174272754125349,1,2.608020140013055,3.7013870642083537,-2370.452320004711,-6.907755278982137
137,human_full25k,S1,cost,6.174272754125349,1,2.608020140013055,3.6338249841293067,-2369.6432464118607,-6.907755278982137
138,human_full25k,S1,cost,6.174272754125349,1,2.623726272928381,3.6338249841293067,-2369.914794829303,-6.214608098422191
139,human_full25k,S1,cost,6.174272754125349,1,2.558183008593992,3.6338249841293067,-2368.793182296276,-6.907755278982137
140,human_full25k,S1,cost,6.174272754125349,1,2.558183008593992,3.6184174102137483,-2368.6890318669657,-6.907755278982137
141,human_full25k,S1,cost,6.174272754125349,1,2.574448393538562,3.6184174102137483,-2368.9653890577424,-6.214608098422191
142,human_full25k,S1,cost,5.92170663276959,1,2.574448393538562,3.6184174102137483,-2367.2739880889835,-6.907755278982137
143,human_full25k,S1,cost,5.92170663276959,1,2.574448393538562,3.6140467264085014,-2367.2686554040165,-5.521460917862246
144,human_full25k,S1,cost,5.92170663276959,1,2.5087963916967713,3.6140467264085014,-2366.180797826395,-6.907755278982137
145,human_full25k,S1,cost,6.081347062160159,1,2.5087963916967713,3.6140467264085014,-2367.1659076712763,-6.907755278982137
146,human_full25k,S1,cost,6.081347062160159,1,2.5087963916967713,3.5753433001184307,-2367.1175916702123,-6.907755278982137
147,human_full25k,S1,cost,6.081347062160159,1,2.5087963916967713,3.6241330094060293,-2367.211393598797,-6.907755278982137
148,human_full25k,S1,cost,6.081347062160159,1,2.5087963916967713,3.6859306814167425,-2367.7812993796424,-6.214608098422191
149,human_full25k,S1,cost,6.081347062160159,1,2.485195798930147,3.6859306814167425,-2367.3998677054196,-5.521460917862246
150,human_full25k,S1,cost,6.081347062160159,1,2.485195798930147,3.633362225560827,-2366.879059027383,-6.907755278982137
151,human_full25k,S1,cost,6.081347062160159,1,2.532730246068977,3.633362225560827,-2367.660112478066,-6.907755278982137
152,human_full25k,S1,cost,6.001448526059821,1,2.532730246068977,3.633362225560827,-2367.1123401904815,-6.907755278982137
153,human_full25k,S1,cost,5.7733648083918325,1,2.532730246068977,3.633362225560827,-2365.85408833126,-6.907755278982137
154,human_full25k,S1,cost,5.7733648083918325,1,2.532730246068977,3.646700271082615,-2365.8800253761137,-6.907755278982137
155,human_full25k,S1,cost,5.7733648083918325,1,2.532730246068977,3.6729338647276735,-2365.9997892478577,-6.214608098422191
156,human_full25k,S1,cost,5.7733648083918325,1,2.521453048186163,3.6729338647276735,-2365.81825988858,-6.907755278982137
157,human_full25k,S1,cost,5.472363588614902,1,2.521453048186163,3.6729338647276735,-2364.7110866535436,-6.907755278982137
158,human_full25k,S1,cost,5.472363588614902,1,2.4672075115329983,3.6729338647276735,-2363.8679982397293,-6.907755278982137
159,human_full25k,S1,cost,5.472363588614902,1,2.4582283326056125,3.6729338647276735,-2363.7305158235613,-6.907755278982137
160,human_full25k,S1,cost,5.472363588614902,1,2.4582283326056125,3.6413827864547796,-2363.7669526065315,-6.214608098422191
161,human_full25k,S1,cost,5.472363588614902,1,2.4582283326056125,3.550497703469794,-2364.628992663541,-6.907755278982137
162,human_full25k,S1,cost,5.472363588614902,1,2.4582283326056125,3.505941248224923,-2365.47289383044,-6.907755278982137
163,human_full25k,S1,cost,5.472363588614902,1,2.439061815827624,3.505941248224923,-2365.1688948371952,-6.907755278982137
164,human_full25k,S1,cost,5.529837747754348,1,2.439061815827624,3.505941248224923,-2365.11206387312,-5.521460917862246
165,human_full25k,S1,cost,5.529837747754348,1,2.377220890071613,3.505941248224923,-2364.14630417933,-6.907755278982137
166,human_full25k,S1,cost,5.529837747754348,1,2.377220890071613,3.4807258267421943,-2364.7121441158115,-6.907755278982137
167,human_full25k,S1,cost,5.529837747754348,1,2.377220890071613,3.5682296475689297,-2363.136429734337,-6.214608098422191
168,human_full25k,S1,cost,5.529837747754348,1,2.3996988995121966,3.5682296475689297,-2363.4787283480846,-6.907755278982137
169,human_full25k,S1,cost,5.188548240000369,1,2.3996988995121966,3.5682296475689297,-2363.996770531042,-6.907755278982137
170,human_full25k,S1,cost,5.188548240000369,1,2.3996988995121966,3.610246448287217,-2363.3175610407893,-6.907755278982137
171,human_full25k,S1,cost,5.188548240000369,1,2.4105112304079723,3.610246448287217,-2363.478126245597,-6.907755278982137
172,human_full25k,S1,cost,5.188548240000369,1,2.4105112304079723,3.657007879696216,-2363.0065460354294,-6.907755278982137
173,human_full25k,S1,cost,5.188548240000369,1,2.332319715492153,3.657007879696216,-2361.8799700916393,-6.907755278982137
174,human_full25k,S1,cost,5.188548240000369,1,2.309086312322369,3.657007879696216,-2361.554063352729,-6.907755278982137
175,human_full25k,S1,cost,5.188548240000369,1,2.3092790381408608,3.657007879696216,-2361.5567500591296,-6.214608098422191
176,human_full25k,S1,cost,5.188548240000369,1,2.3092790381408608,3.7079397955112623,-2361.4002075568114,-6.907755278982137
177,human_full25k,S1,cost,5.188548240000369,1,2.3092790381408608,3.6395837249914678,-2361.690378268012,-6.214608098422191
178,human_full25k,S1,cost,5.188548240000369,1,2.3092790381408608,3.6360674764401226,-2361.7223496832894,-6.907755278982137
179,human_full25k,S1,cost,5.188548240000369,1,2.3092790381408608,3.6908473534046995,-2361.414163563431,-5.521460917862246
180,human_full25k,S1,cost,5.272834854484478,1,2.3092790381408608,3.6908473534046995,-2361.3645480967984,-6.214608098422191
181,human_full25k,S1,cost,5.272834854484478,1,2.3170709757949113,3.6908473534046995,-2361.4730138212067,-6.214608098422191
182,human_full25k,S1,cost,5.272834854484478,1,2.3573009700235277,3.6908473534046995,-2362.0402969182596,-6.907755278982137
183,human_full25k,S1,cost,5.272834854484478,1,2.267953019636986,3.6908473534046995,-2360.796961081589,-6.907755278982137
184,human_full25k,S1,cost,5.272834854484478,1,2.212903550281079,3.6908473534046995,-2360.0610955857073,-6.214608098422191
185,human_full25k,S1,cost,5.272834854484478,1,2.212903550281079,3.6888719805437526,-2360.060884754891,-6.907755278982137
186,human_full25k,S1,cost,5.272834854484478,1,2.212903550281079,3.594488696744847,-2360.662949585687,-6.907755278982137
187,human_full25k,S1,cost,5.942255000457528,1,2.212903550281079,3.594488696744847,-2361.75305605379,-6.907755278982137
188,human_full25k,S1,cost,5.868490482825925,1,2.212903550281079,3.594488696744847,-2361.4074186124853,-6.907755278982137
189,human_full25k,S1,cost,5.868490482825925,1,2.212903550281079,3.652965604613524,-2361.5598283047707,-6.907755278982137
190,human_full25k,S1,cost,5.868490482825925,1,2.183764546808818,3.652965604613524,-2361.156895559306,-5.809142990314028
191,human_full25k,S1,cost,5.868490482825925,1,2.1052074543740673,3.652965604613524,-2360.1031713795646,-6.907755278982137
192,human_full25k,S1,cost,5.868490482825925,1,2.1052074543740673,3.669608962011149,-2360.2358598768537,-5.809142990314028
193,human_full25k,S1,cost,5.868490482825925,1,2.095530298612595,3.669608962011149,-2360.109950573899,-6.214608098422191
194,human_full25k,S1,cost,5.868490482825925,1,2.095530298612595,3.613788071914474,-2359.807228462294,-6.907755278982137
195,human_full25k,S1,cost,5.868490482825925,1,2.095530298612595,3.6579998851107254,-2360.013163670011,-6.907755278982137
196,human_full25k,S1,cost,5.868490482825925,1,2.095530298612595,3.6107851060912997,-2359.802681811411,-6.907755278982137
197,human_full25k,S1,cost,5.868490482825925,1,2.1162616494149895,3.6107851060912997,-2360.077757167733,-6.907755278982137
198,human_full25k,S1,cost,5.868490482825925,1,2.190678790841972,3.6107851060912997,-2361.092573928324,-6.907755278982137
199,human_full25k,S1,cost,5.868490482825925,1,2.247790276382642,3.6107851060912997,-2361.9002018979713,-6.214608098422191
200,human_full25k,S1,cost,5.868490482825925,1,2.247790276382642,3.5485889095505763,-2362.115977633621,-5.298317366548036
201,human_full25k,S1,cost,5.868490482825925,1,2.312434593644733,3.5485889095505763,-2363.074725375525,-6.214608098422191
202,human_full25k,S1,cost,5.868490482825925,1,2.312434593644733,3.611562883683206,-2362.844620129327,-6.907755278982137
203,human_full25k,S1,cost,5.868490482825925,1,2.312434593644733,3.6534011514115936,-2362.98748649693,-6.214608098422191
204,human_full25k,S1,cost,5.868490482825925,1,2.251659318573566,3.6534011514115936,-2362.108555410184,-5.809142990314028
205,human_full25k,S1,cost,5.868490482825925,1,2.251659318573566,3.5879231972564676,-2361.974144077099,-6.907755278982137
206,human_full25k,S1,cost,5.198955926162444,1,2.251659318573566,3.5879231972564676,-2361.4888321613184,-6.214608098422191
207,human_full25k,S1,cost,5.461783150939178,1,2.251659318573566,3.5879231972564676,-2361.069227304852,-6.907755278982137
208,human_full25k,S1,cost,5.461783150939178,1,2.1911227034165273,3.5879231972564676,-2360.232323025959,-6.907755278982137
209,human_full25k,S1,cost,5.461783150939178,1,2.1911227034165273,3.5612410621998354,-2360.5413914472542,-6.907755278982137
210,human_full25k,S1,cost,5.461783150939178,1,2.1911227034165273,3.558436686547628,-2360.579636032146,-6.214608098422191
211,human_full25k,S1,cost,5.461783150939178,1,2.1214801941727175,3.558436686547628,-2359.6436207026823,-6.907755278982137
212,human_full25k,S1,cost,5.461783150939178,1,2.095854541236153,3.558436686547628,-2359.308687262451,-6.214608098422191
213,human_full25k,S1,cost,5.461783150939178,1,1.9987525732146867,3.558436686547628,-2358.086381612126,-6.214608098422191
214,human_full25k,S1,cost,5.461783150939178,1,1.9465335216845454,3.558436686547628,-2357.4600363799464,-6.907755278982137
215,human_full25k,S1,cost,5.461783150939178,1,1.9912925527598344,3.558436686547628,-2357.995566598876,-5.809142990314028
216,human_full25k,S1,cost,5.336562119223311,1,1.9912925527598344,3.558436686547628,-2358.1952208445396,-6.214608098422191
217,human_full25k,S1,cost,5.336562119223311,1,1.9141931193170072,3.558436686547628,-2357.2924332030457,-5.809142990314028
218,human_full25k,S1,cost,5.336562119223311,1,1.9389088865732846,3.558436686547628,-2357.5766259887223,-6.214608098422191
219,human_full25k,S1,cost,5.336562119223311,1,1.9389088865732846,3.6415653134972237,-2356.776144477495,-6.214608098422191
220,human_full25k,S1,cost,5.428905430817344,1,1.9389088865732846,3.6415653134972237,-2356.7619378356667,-6.907755278982137
221,human_full25k,S1,cost,5.428905430817344,1,1.9389088865732846,3.667264746895504,-2356.7528968499587,-6.907755278982137
222,human_full25k,S1,cost,5.428905430817344,1,1.9389088865732846,3.6678516276545974,-2356.753720630161,-6.214608098422191
223,human_full25k,S1,cost,5.428905430817344,1,1.9389088865732846,3.664744769103523,-2356.7498805427686,-6.214608098422191
224,human_full25k,S1,cost,5.428905430817344,1,1.9389088865732846,3.646733182347911,-2356.753009611865,-6.907755278982137
225,human_full25k,S1,cost,5.428905430817344,1,1.9389088865732846,3.6841474407022616,-2356.794839980719,-6.907755278982137
226,human_full25k,S1,cost,5.428905430817344,1,1.881509033648451,3.6841474407022616,-2356.165732474699,-6.907755278982137
227,human_full25k,S1,cost,5.121632167686774,1,1.881509033648451,3.6841474407022616,-2356.3674564198527,-6.214608098422191
228,human_full25k,S1,cost,5.121632167686774,1,1.881509033648451,3.7810914424335222,-2356.7377455163,-6.907755278982137
229,human_full25k,S1,cost,5.121632167686774,1,1.933533746334081,3.7810914424335222,-2357.2689267146156,-6.907755278982137
230,human_full25k,S1,cost,5.121632167686774,1,1.9254114051265567,3.7810914424335222,-2357.1845441444493,-6.907755278982137
231,human_full25k,S1,cost,4.934272121811016,1,1.9254114051265567,3.7810914424335222,-2357.4910529566623,-5.521460917862246
232,human_full25k,S1,cost,4.975736991000326,1,1.9254114051265567,3.7810914424335222,-2357.3828910042644,-6.214608098422191
233,human_full25k,S1,cost,4.975736991000326,1,1.9815093410118827,3.7810914424335222,-2357.9676517009375,-6.214608098422191
234,human_full25k,S1,cost,4.975736991000326,1,1.9815093410118827,3.7403637237455465,-2357.81272467202,-6.907755278982137
235,human_full25k,S1,cost,4.975736991000326,1,1.906425606020471,3.7403637237455465,-2357.0230091364574,-6.907755278982137
236,human_full25k,S1,cost,4.975736991000326,1,1.906425606020471,3.812112492691127,-2357.4615191503244,-6.907755278982137
237,human_full25k,S1,cost,4.975736991000326,1,1.906425606020471,3.8542128075784263,-2358.0230939836397,-6.907755278982137
238,human_full25k,S1,cost,4.975736991000326,1,1.906425606020471,3.8218698539145857,-2357.571903930127,-6.907755278982137
239,human_full25k,S1,cost,5.188852985608911,1,1.906425606020471,3.8218698539145857,-2357.5579345710626,-6.907755278982137
240,human_full25k,S1,cost,5.188852985608911,1,1.906425606020471,3.827966840174562,-2357.6611434377737,-6.214608098422191
241,human_full25k,S1,cost,5.188852985608911,1,1.906425606020471,3.7498364823927948,-2356.6926748624223,-6.907755278982137
242,human_full25k,S1,cost,6.017384318187284,1,1.906425606020471,3.7498364823927948,-2360.0727202665025,-6.907755278982137
243,human_full25k,S1,cost,6.017384318187284,1,1.906425606020471,3.808666694790586,-2361.598942112078,-5.521460917862246
244,human_full25k,S1,cost,6.017384318187284,1,1.9318493277016906,3.808666694790586,-2361.885069728736,-6.907755278982137
245,human_full25k,S1,cost,5.747902309920821,1,1.9318493277016906,3.808666694790586,-2359.8104136141847,-6.907755278982137
246,human_full25k,S1,cost,5.747902309920821,1,1.9318493277016906,3.734768653788841,-2358.2866472779524,-6.214608098422191
247,human_full25k,S1,cost,5.747902309920821,1,1.8366450888781287,3.734768653788841,-2357.2473160696377,-6.907755278982137
248,human_full25k,S1,cost,5.317627737751871,1,1.8366450888781287,3.734768653788841,-2355.8980423146645,-5.809142990314028
249,human_full25k,S1,cost,5.317627737751871,1,1.8271576889070202,3.734768653788841,-2355.80320298707,-6.907755278982137
250,human_full25k,S1,cost,5.317627737751871,1,1.784916030021677,3.734768653788841,-2355.3899760233444,-6.907755278982137
251,human_full25k,S1,cost,5.325773124762059,1,1.784916030021677,3.734768653788841,-2355.396853948895,-6.907755278982137
252,human_full25k,S1,cost,5.325773124762059,1,1.7929547535367278,3.734768653788841,-2355.4744263579078,-6.907755278982137
253,human_full25k,S1,cost,5.325773124762059,1,1.7929547535367278,3.8055380055215204,-2356.4126411872685,-6.907755278982137
254,human_full25k,S1,cost,5.325773124762059,1,1.6987466510457307,3.8055380055215204,-2355.5637726467166,-6.907755278982137
255,human_full25k,S1,cost,5.325773124762059,1,1.6283147045830837,3.8055380055215204,-2354.9781040392227,-6.907755278982137
256,human_full25k,S1,cost,4.707948189106652,1,1.6283147045830837,3.8055380055215204,-2356.0152663069343,-6.907755278982137
257,human_full25k,S1,cost,4.707948189106652,1,1.5507235816024343,3.8055380055215204,-2355.4734276317727,-6.214608098422191
258,human_full25k,S1,cost,4.707948189106652,1,1.5507235816024343,3.7201742659186676,-2355.5239692670207,-6.907755278982137
259,human_full25k,S1,cost,4.707948189106652,1,1.586758329881314,3.7201742659186676,-2355.782769417297,-6.907755278982137
260,human_full25k,S1,cost,5.342435311163648,1,1.586758329881314,3.7201742659186676,-2353.5386532866223,-6.214608098422191
261,human_full25k,S1,cost,5.342435311163648,1,1.588300740917338,3.7201742659186676,-2353.551025336936,-5.809142990314028
262,human_full25k,S1,cost,5.342435311163648,1,1.5215696072444036,3.7201742659186676,-2353.0346025749723,-6.214608098422191
263,human_full25k,S1,cost,5.342435311163648,1,1.5215696072444036,3.7477019490880514,-2353.3110460550092,-5.809142990314028
264,human_full25k,S1,cost,5.040419758934025,1,1.5215696072444036,3.7477019490880514,-2353.538793185249,-6.907755278982137
265,human_full25k,S1,cost,5.040419758934025,1,1.5215696072444036,3.7552001229334415,-2353.583786524966,-6.907755278982137
266,human_full25k,S1,cost,5.040419758934025,1,1.5215696072444036,3.7212380121086728,-2353.438457716125,-6.907755278982137
267,human_full25k,S1,cost,5.040419758934025,1,1.5215696072444036,3.661494041395143,-2353.551959230195,-6.214608098422191
268,human_full25k,S1,cost,5.040419758934025,1,1.5215696072444036,3.6229506065644257,-2353.880126748493,-6.214608098422191
269,human_full25k,S1,cost,5.040419758934025,1,1.4544268446486996,3.6229506065644257,-2353.394794929816,-6.907755278982137
270,human_full25k,S1,cost,5.040419758934025,1,1.3684279587567885,3.6229506065644257,-2352.8316356134187,-5.298317366548036
271,human_full25k,S1,cost,4.816520126114998,1,1.3684279587567885,3.6229506065644257,-2354.4654451255146,-6.907755278982137
272,human_full25k,S1,cost,4.816520126114998,1,1.2918993234254532,3.6229506065644257,-2354.03730364344,-6.907755278982137
273,human_full25k,S1,cost,4.816520126114998,1,1.2515045694867857,3.6229506065644257,-2353.8329143565934,-6.907755278982137
274,human_full25k,S1,cost,4.816520126114998,1,1.2515045694867857,3.6977980111209807,-2353.0721405062077,-6.907755278982137
275,human_full25k,S1,cost,4.816520126114998,1,1.1646959350249215,3.6977980111209807,-2352.7130077807697,-6.907755278982137
276,human_full25k,S1,cost,4.816520126114998,1,1.1443187680386586,3.6977980111209807,-2352.6389257468627,-6.907755278982137
277,human_full25k,S1,cost,4.816520126114998,1,1.1443187680386586,3.7953958497354137,-2352.812900356294,-6.907755278982137
278,human_full25k,S1,cost,4.904133090883372,1,1.1443187680386586,3.7953958497354137,-2352.422322562035,-6.907755278982137
279,human_full25k,S1,cost,4.904133090883372,1,1.0598520621891552,3.7953958497354137,-2352.18513964172,-5.298317366548036
280,human_full25k,S1,cost,4.904133090883372,1,0.9643758707743325,3.7953958497354137,-2351.99941990162,-5.521460917862246
281,human_full25k,S1,cost,4.904133090883372,1,0.9667928217008791,3.7953958497354137,-2352.003030719982,-6.214608098422191
282,human_full25k,S1,cost,4.904133090883372,1,1.062685186670756,3.7953958497354137,-2352.191992995271,-6.907755278982137
283,human_full25k,S1,cost,4.904133090883372,1,1.0479281569562413,3.7953958497354137,-2352.1571392032247,-6.907755278982137
284,human_full25k,S1,cost,4.904133090883372,1,1.0107706014182611,3.7953958497354137,-2352.0786557363886,-6.214608098422191
285,human_full25k,S1,cost,4.904133090883372,1,0.9674768282639173,3.7953958497354137,-2352.0040629408254,-6.907755278982137
286,human_full25k,S1,cost,4.904133090883372,1,0.9674768282639173,3.7407656771062867,-2351.598600088785,-6.214608098422191
287,human_full25k,S1,cost,4.904133090883372,1,0.9000904016236894,3.7407656771062867,-2351.5029977459685,-6.214608098422191
288,human_full25k,S1,cost,4.904133090883372,1,0.9000904016236894,3.7943873253988056,-2351.9131397701353,-6.907755278982137
289,human_full25k,S1,cost,4.904133090883372,1,0.9961305363111883,3.7943873253988056,-2352.0405686109416,-6.214608098422191
290,human_full25k,S1,cost,4.840625510480582,1,0.9961305363111883,3.7943873253988056,-2352.324964512573,-6.214608098422191
291,human_full25k,S1,cost,4.840625510480582,1,0.9829388040589488,3.7943873253988056,-2352.3030834679807,-6.907755278982137
292,human_full25k,S1,cost,4.840625510480582,1,1.0619649799996673,3.7943873253988056,-2352.4593287998796,-6.907755278982137
293,human_full25k,S1,cost,5.750794385673531,1,1.0619649799996673,3.7943873253988056,-2353.0571635970914,-6.907755278982137
294,human_full25k,S1,cost,5.750794385673531,1,0.9705654744830537,3.7943873253988056,-2352.779487271162,-5.809142990314028
295,human_full25k,S1,cost,4.857585246637704,1,0.9705654744830537,3.7943873253988056,-2352.2020965263896,-6.907755278982137
296,human_full25k,S1,cost,5.517170336464408,1,0.9705654744830537,3.7943873253988056,-2351.811422196548,-6.907755278982137
297,human_full25k,S1,cost,5.517170336464408,1,0.9103538870632129,3.7943873253988056,-2351.690517398985,-5.809142990314028
298,human_full25k,S1,cost,5.517170336464408,1,0.8314836220985048,3.7943873253988056,-2351.5859379396193,-5.809142990314028
299,human_full25k,S1,cost,4.702191179626025,1,0.8314836220985048,3.7943873253988056,-2353.0229284472684,-6.907755278982137
300,human_full25k,S1,cost,4.702191179626025,1,0.8173332411949541,3.7943873253988056,-2353.024723973645,-6.214608098422191
301,human_full25k,S1,cost,4.702191179626025,1,0.9015312196926278,3.7943873253988056,-2353.0435125510944,-6.907755278982137
302,human_full25k,S1,cost,4.702191179626025,1,0.9367299911309109,3.7943873253988056,-2353.072228797205,-6.907755278982137
303,human_full25k,S1,cost,5.169026369900166,1,0.9367299911309109,3.7943873253988056,-2351.322438948948,-6.907755278982137
304,human_full25k,S1,cost,5.169026369900166,1,1.007344166859305,3.7943873253988056,-2351.4550363321773,-6.907755278982137
305,human_full25k,S1,cost,5.169026369900166,1,1.0278074985229553,3.7943873253988056,-2351.5024839948032,-6.907755278982137
306,human_full25k,S1,cost,5.169026369900166,1,0.980645317180924,3.7943873253988056,-2351.3992091154555,-6.907755278982137
307,human_full25k,S1,cost,5.169026369900166,1,0.9504842520049989,3.7943873253988056,-2351.3444618547137,-6.214608098422191
308,human_full25k,S1,cost,4.9529310904083275,1,0.9504842520049989,3.7943873253988056,-2351.785497799525,-6.907755278982137
309,human_full25k,S1,cost,4.9529310904083275,1,0.9338768510842846,3.7943873253988056,-2351.763467951147,-6.907755278982137
310,human_full25k,S1,cost,4.967877566477411,1,0.9338768510842846,3.7943873253988056,-2351.7134578757223,-6.907755278982137
311,human_full25k,S1,cost,4.967877566477411,1,0.8404716949901438,3.7943873253988056,-2351.6385461421014,-6.907755278982137
312,human_full25k,S1,cost,4.967877566477411,1,0.8404716949901438,3.771221170397217,-2351.3768010195836,-6.907755278982137
313,human_full25k,S1,cost,5.482151571160299,1,0.8404716949901438,3.771221170397217,-2351.001514067088,-6.907755278982137
314,human_full25k,S1,cost,5.482151571160299,1,0.8404716949901438,3.7491573589821585,-2350.589239064812,-6.907755278982137
315,human_full25k,S1,cost,4.935090343060174,1,0.8404716949901438,3.7491573589821585,-2351.341862400959,-6.907755278982137
316,human_full25k,S1,cost,4.935090343060174,1,0.8404716949901438,3.835376028333609,-2352.355155937965,-6.907755278982137
317,human_full25k,S1,cost,4.935090343060174,1,0.8404716949901438,3.804858913718591,-2351.8888126821653,-6.214608098422191
318,human_full25k,S1,cost,4.935090343060174,1,0.9137213104099348,3.804858913718591,-2351.934143521015,-6.907755278982137
319,human_full25k,S1,cost,4.873682574154577,1,0.9137213104099348,3.804858913718591,-2352.173004049229,-6.907755278982137
320,human_full25k,S1,cost,4.873682574154577,1,0.9137213104099348,3.7092494184319955,-2351.646125382899,-6.907755278982137
321,human_full25k,S1,cost,4.873682574154577,1,0.9137213104099348,3.7367460428462254,-2351.675988122049,-6.907755278982137
322,human_full25k,S1,cost,4.873682574154577,1,0.9137213104099348,3.7266118151588463,-2351.653411701339,-6.907755278982137
323,human_full25k,S1,cost,4.873682574154577,1,0.9137213104099348,3.7315248028158603,-2351.6626755678444,-6.907755278982137
324,human_full25k,S1,cost,5.577282023584189,1,0.9137213104099348,3.7315248028158603,-2350.6092726507054,-6.214608098422191
325,human_full25k,S1,cost,5.577282023584189,1,0.9137213104099348,3.7368020415342205,-2350.6979420699504,-6.907755278982137
326,human_full25k,S1,cost,5.577282023584189,1,0.8602317596188587,3.7368020415342205,-2350.6027076382047,-6.907755278982137
327,human_full25k,S1,cost,5.577282023584189,1,0.866761550912019,3.7368020415342205,-2350.612823832931,-6.907755278982137
328,human_full25k,S1,cost,5.577282023584189,1,0.7794864170860705,3.7368020415342205,-2350.5126075092735,-6.907755278982137
329,human_full25k,S1,cost,5.577282023584189,1,0.8235802018963218,3.7368020415342205,-2350.5537625297184,-6.907755278982137
330,human_full25k,S1,cost,5.577282023584189,1,0.8235802018963218,3.717355941710588,-2350.2378429279065,-6.907755278982137
331,human_full25k,S1,cost,5.577282023584189,1,0.7535444332851655,3.717355941710588,-2350.1763671639505,-6.907755278982137
332,human_full25k,S1,cost,5.577282023584189,1,0.7535444332851655,3.68732029125747,-2349.7755863159077,-6.214608098422191
333,human_full25k,S1,cost,5.577282023584189,1,0.7323940834282401,3.68732029125747,-2349.7642749895986,-6.907755278982137
334,human_full25k,S1,cost,5.577282023584189,1,0.7424227813199338,3.68732029125747,-2349.769074558675,-6.907755278982137
335,human_full25k,S1,cost,5.577282023584189,1,0.7424227813199338,3.680180416915661,-2349.6906761077507,-6.907755278982137
336,human_full25k,S1,cost,5.577282023584189,1,0.6689204373929606,3.680180416915661,-2349.677186364878,-6.907755278982137
337,human_full25k,S1,cost,5.2479985836679255,1,0.6689204373929606,3.680180416915661,-2349.8484903994813,-6.907755278982137
338,human_full25k,S1,cost,5.2479985836679255,1,0.7309875454970135,3.680180416915661,-2349.83170371424,-6.907755278982137
339,human_full25k,S1,cost,5.2479985836679255,1,0.7989613160557107,3.680180416915661,-2349.8582267818088,-6.907755278982137
340,human_full25k,S1,cost,5.2479985836679255,1,0.8100358027375406,3.680180416915661,-2349.866955393983,-6.907755278982137
341,human_full25k,S1,cost,5.2479985836679255,1,0.8409344617786942,3.680180416915661,-2349.897792515456,-6.907755278982137
342,human_full25k,S1,cost,5.2479985836679255,1,0.9069414444176627,3.680180416915661,-2349.99542566229,-6.907755278982137
343,human_full25k,S1,cost,5.2479985836679255,1,0.8594864519388944,3.680180416915661,-2349.920876204139,-6.214608098422191
344,human_full25k,S1,cost,5.2479985836679255,1,0.8594864519388944,3.652769628663261,-2349.866209561794,-6.907755278982137
345,human_full25k,S1,cost,5.683990156432397,1,0.8594864519388944,3.652769628663261,-2349.763375788614,-6.214608098422191
346,human_full25k,S1,cost,5.683990156432397,1,0.8745741806128722,3.652769628663261,-2349.794072205209,-5.298317366548036
347,human_full25k,S1,cost,5.683990156432397,1,0.8745741806128722,3.593427217127534,-2349.5370247119895,-6.907755278982137
348,human_full25k,S1,cost,5.495659485109926,1,0.8745741806128722,3.593427217127534,-2349.5234477447316,-6.214608098422191
349,human_full25k,S1,cost,5.495659485109926,1,0.855960291417075,3.593427217127534,-2349.4856709675946,-6.907755278982137
350,human_full25k,S1,cost,5.495659485109926,1,0.759605959332913,3.593427217127534,-2349.3452302092055,-5.809142990314028
351,human_full25k,S1,cost,5.495659485109926,1,0.759605959332913,3.595790291181594,-2349.339389445999,-6.214608098422191
352,human_full25k,S1,cost,5.495659485109926,1,0.7125162763771593,3.595790291181594,-2349.305154083754,-6.907755278982137
353,human_full25k,S1,cost,5.495659485109926,1,0.6661943297438891,3.595790291181594,-2349.2934971975437,-6.907755278982137
354,human_full25k,S1,cost,5.495659485109926,1,0.5964867331363455,3.595790291181594,-2349.317552402155,-6.907755278982137
355,human_full25k,S1,cost,5.959750109671584,1,0.5964867331363455,3.595790291181594,-2349.8653349936562,-5.809142990314028
356,human_full25k,S1,cost,5.959750109671584,1,0.5964867331363455,3.5827262566286984,-2349.7942680776873,-6.907755278982137
357,human_full25k,S1,cost,5.101190159719248,1,0.5964867331363455,3.5827262566286984,-2350.8783461391,-6.907755278982137
358,human_full25k,S1,cost,5.101190159719248,1,0.5190027653753473,3.5827262566286984,-2350.9947892817117,-6.907755278982137
359,human_full25k,S1,cost,5.495066956569703,1,0.5190027653753473,3.5827262566286984,-2349.433960817017,-6.907755278982137
360,human_full25k,S1,cost,5.495066956569703,1,0.5190027653753473,3.6439357797249103,-2349.4957049350905,-6.907755278982137
361,human_full25k,S1,cost,5.495066956569703,1,0.5190027653753473,3.622050051107817,-2349.41549490356,-6.907755278982137
362,human_full25k,S1,cost,5.495066956569703,1,0.49749232951686795,3.622050051107817,-2349.4528723563067,-6.907755278982137
363,human_full25k,S1,cost,5.495066956569703,1,0.5106897243995607,3.622050051107817,-2349.4293592418308,-6.214608098422191
364,human_full25k,S1,cost,5.495066956569703,1,0.5106897243995607,3.711620289072128,-2350.161296453902,-6.907755278982137
365,human_full25k,S1,cost,5.495066956569703,1,0.5922574952490063,3.711620289072128,-2350.0279891620694,-6.907755278982137
366,human_full25k,S1,cost,5.495066956569703,1,0.5289024549438487,3.711620289072128,-2350.1254662224983,-6.907755278982137
367,human_full25k,S1,cost,5.495066956569703,1,0.46931664128151,3.711620289072128,-2350.2557508260224,-5.809142990314028
368,human_full25k,S1,cost,5.495066956569703,1,0.46931664128151,3.671963651248789,-2349.7950640484664,-6.214608098422191
369,human_full25k,S1,cost,5.495066956569703,1,0.4259120043004969,3.671963651248789,-2349.9070545654595,-6.907755278982137
370,human_full25k,S1,cost,5.495066956569703,1,0.4259120043004969,3.687013179311877,-2350.060356725961,-5.809142990314028
371,human_full25k,S1,cost,5.495066956569703,1,0.45004107710115404,3.687013179311877,-2349.994187677817,-6.907755278982137
372,human_full25k,S1,cost,5.495066956569703,1,0.45315545724414086,3.687013179311877,-2349.986101898297,-6.907755278982137
373,human_full25k,S1,cost,5.109819227139326,1,0.45315545724414086,3.687013179311877,-2350.7271695353893,-6.907755278982137
374,human_full25k,S1,cost,5.109819227139326,1,0.37847603386912504,3.687013179311877,-2350.9848730875315,-6.214608098422191
375,human_full25k,S1,cost,5.109819227139326,1,0.4330432695261207,3.687013179311877,-2350.790645453524,-6.907755278982137
376,human_full25k,S1,cost,6.069085265359353,1,0.4330432695261207,3.687013179311877,-2351.765296509379,-6.907755278982137
377,human_full25k,S1,cost,6.069085265359353,1,0.4330432695261207,3.6628165190758772,-2351.3077697822223,-6.214608098422191
378,human_full25k,S1,cost,6.069085265359353,1,0.43971115653199255,3.6628165190758772,-2351.294716682324,-6.907755278982137
379,human_full25k,S1,cost,5.906174768557884,1,0.43971115653199255,3.6628165190758772,-2350.56201217098,-6.907755278982137
380,human_full25k,S1,cost,5.906174768557884,1,0.48005712749904844,3.6628165190758772,-2350.485058019583,-6.214608098422191
381,human_full25k,S1,cost,5.906174768557884,1,0.5678172413627304,3.6628165190758772,-2350.377122347387,-6.907755278982137
382,human_full25k,S1,cost,5.906174768557884,1,0.5678172413627304,3.5934230906822773,-2349.693556043818,-6.907755278982137
383,human_full25k,S1,cost,5.906174768557884,1,0.5934643598459732,3.5934230906822773,-2349.6837587687032,-6.907755278982137
384,human_full25k,S1,cost,5.906174768557884,1,0.671847491476489,3.5934230906822773,-2349.695997498884,-6.214608098422191
385,human_full25k,S1,cost,5.906174768557884,1,0.671847491476489,3.551520223597751,-2349.611104856876,-6.907755278982137
386,human_full25k,S1,cost,5.906174768557884,1,0.671847491476489,3.6222911247501615,-2349.892093572806,-6.907755278982137
387,human_full25k,S1,cost,5.906174768557884,1,0.7420894602642405,3.6222911247501615,-2349.948996243058,-6.907755278982137
388,human_full25k,S1,cost,5.906174768557884,1,0.775653409594673,3.6222911247501615,-2349.993795937602,-6.907755278982137
389,human_full25k,S1,cost,5.906174768557884,1,0.775653409594673,3.6774497059912252,-2350.652885175188,-6.907755278982137
390,human_full25k,S1,cost,5.906174768557884,1,0.7180842124063103,3.6774497059912252,-2350.594609604607,-6.907755278982137
391,human_full25k,S1,cost,5.906174768557884,1,0.7835760910228992,3.6774497059912252,-2350.663512358011,-6.907755278982137
392,human_full25k,S1,cost,5.906174768557884,1,0.8463558565382455,3.6774497059912252,-2350.769843153239,-6.214608098422191
393,human_full25k,S1,cost,5.19864961331915,1,0.8463558565382455,3.6774497059912252,-2350.020564980124,-6.907755278982137
394,human_full25k,S1,cost,5.19864961331915,1,0.8463558565382455,3.774255688364455,-2350.87546387745,-6.907755278982137
395,human_full25k,S1,cost,5.383703351184832,1,0.8463558565382455,3.774255688364455,-2350.9037273127615,-6.907755278982137
396,human_full25k,S1,cost,5.383703351184832,1,0.9144894762920985,3.774255688364455,-2350.9942482267725,-6.907755278982137
397,human_full25k,S1,cost,5.383703351184832,1,1.0066456161845063,3.774255688364455,-2351.1889637865165,-6.907755278982137
398,human_full25k,S1,cost,5.383703351184832,1,0.9216700253258465,3.774255688364455,-2351.006448619305,-6.907755278982137
399,human_full25k,S1,cost,5.276222264841162,1,0.9216700253258465,3.774255688364455,-2350.933241183,-6.907755278982137
400,human_full25k,S1,cost,5.172962217254446,1,0.9216700253258465,3.774255688364455,-2350.9854802099526,-5.115995809754082
401,human_full25k,S1,cost,5.172962217254446,1,0.8659799733742704,3.774255688364455,-2350.91867296492,-6.907755278982137
402,human_full25k,S1,cost,5.172962217254446,1,0.8707845958799159,3.774255688364455,-2350.9232295371366,-6.907755278982137
403,human_full25k,S1,cost,5.172962217254446,1,0.8561187673029017,3.774255688364455,-2350.910037940726,-6.907755278982137
404,human_full25k,S1,cost,5.172962217254446,1,0.9233152266035483,3.774255688364455,-2350.987918042042,-6.907755278982137
405,human_full25k,S1,cost,5.172962217254446,1,0.8350331459773473,3.774255688364455,-2350.894816963623,-6.907755278982137
406,human_full25k,S1,cost,5.172962217254446,1,0.8350331459773473,3.795932238470001,-2351.2406803293115,-6.907755278982137
407,human_full25k,S1,cost,5.172962217254446,1,0.8350331459773473,3.806378066166495,-2351.4284171969584,-6.214608098422191
408,human_full25k,S1,cost,5.172962217254446,1,0.8365706317636403,3.806378066166495,-2351.4291753812417,-6.907755278982137
409,human_full25k,S1,cost,5.172962217254446,1,0.8365706317636403,3.774933520341902,-2350.905689667072,-6.907755278982137
410,human_full25k,S1,cost,5.172962217254446,1,0.9156359799573095,3.774933520341902,-2350.986458987452,-6.907755278982137
411,human_full25k,S1,cost,5.011851098417974,1,0.9156359799573095,3.774933520341902,-2351.3240296853573,-6.214608098422191
412,human_full25k,S1,cost,5.469240340027662,1,0.9156359799573095,3.774933520341902,-2351.155416906085,-6.907755278982137
413,human_full25k,S1,cost,5.469240340027662,1,0.9004849473414983,3.774933520341902,-2351.1295737450437,-6.907755278982137
414,human_full25k,S1,cost,5.469240340027662,1,0.9004849473414983,3.7028323872054703,-2350.0112171369233,-6.214608098422191
415,human_full25k,S1,cost,5.469240340027662,1,0.9004849473414983,3.652221942519008,-2349.6274162356485,-6.907755278982137
416,human_full25k,S1,cost,5.469240340027662,1,0.9004849473414983,3.572485871296571,-2349.717650284136,-6.214608098422191
417,human_full25k,S1,cost,5.469240340027662,1,0.8619352467691157,3.572485871296571,-2349.631268688281,-6.907755278982137
418,human_full25k,S1,cost,5.469240340027662,1,0.8904627058041219,3.572485871296571,-2349.6937847753165,-6.907755278982137
419,human_full25k,S1,cost,5.469240340027662,1,0.8544012030179322,3.572485871296571,-2349.6161000969105,-6.907755278982137
420,human_full25k,S1,cost,5.469240340027662,1,0.7842581632295398,3.572485871296571,-2349.50197176895,-6.907755278982137
421,human_full25k,S1,cost,5.469240340027662,1,0.7712869869836807,3.572485871296571,-2349.4862590410257,-6.907755278982137
422,human_full25k,S1,cost,5.469240340027662,1,0.7712869869836807,3.5325150976620643,-2349.8396160067728,-6.907755278982137
423,human_full25k,S1,cost,5.469240340027662,1,0.6838479164433268,3.5325150976620643,-2349.7640336478976,-6.907755278982137
424,human_full25k,S1,cost,6.1499777844107895,1,0.6838479164433268,3.5325150976620643,-2350.416998822742,-6.907755278982137
425,human_full25k,S1,cost,6.051850524604166,1,0.6838479164433268,3.5325150976620643,-2350.049769017268,-6.214608098422191
426,human_full25k,S1,cost,5.0836094731331,1,0.6838479164433268,3.5325150976620643,-2351.72269462725,-6.907755278982137
427,human_full25k,S1,cost,5.0836094731331,1,0.6838479164433268,3.564078093821947,-2351.1868937629033,-6.907755278982137
428,human_full25k,S1,cost,5.0836094731331,1,0.6309015865784637,3.564078093821947,-2351.208201381086,-6.907755278982137
429,human_full25k,S1,cost,5.0836094731331,1,0.6309015865784637,3.531801899514206,-2351.750352591714,-6.907755278982137
430,human_full25k,S1,cost,5.0836094731331,1,0.5412847018425321,3.531801899514206,-2351.8403778339925,-6.907755278982137
431,human_full25k,S1,cost,5.0836094731331,1,0.4452762251813904,3.531801899514206,-2352.0309785460545,-6.214608098422191
432,human_full25k,S1,cost,5.0836094731331,1,0.4452762251813904,3.4730386202688326,-2353.3526023260174,-6.907755278982137
433,human_full25k,S1,cost,5.0836094731331,1,0.4452762251813904,3.470224549542328,-2353.4284176901774,-6.907755278982137
434,human_full25k,S1,cost,5.0836094731331,1,0.4452762251813904,3.5580340053640196,-2351.600213576298,-6.907755278982137
435,human_full25k,S1,cost,5.0836094731331,1,0.4452762251813904,3.5504376456223765,-2351.7149567956335,-6.907755278982137
436,human_full25k,S1,cost,5.0836094731331,1,0.4452762251813904,3.5386847109529698,-2351.908531624723,-6.907755278982137
437,human_full25k,S1,cost,5.0836094731331,1,0.4452762251813904,3.552571777804119,-2351.681899769948,-6.907755278982137
438,human_full25k,S1,cost,5.0836094731331,1,0.5161610915904316,3.552571777804119,-2351.5253335813327,-6.907755278982137
439,human_full25k,S1,cost,5.0836094731331,1,0.5292281337716773,3.552571777804119,-2351.502314928337,-6.907755278982137
440,human_full25k,S1,cost,5.0836094731331,1,0.5656449603982057,3.552571777804119,-2351.447687570633,-6.907755278982137
441,human_full25k,S1,cost,5.1196605538387185,1,0.5656449603982057,3.552571777804119,-2351.190609569299,-6.907755278982137
442,human_full25k,S1,cost,5.1196605538387185,1,0.5656449603982057,3.551633006640156,-2351.204824210754,-6.214608098422191
443,human_full25k,S1,cost,5.966997467214981,1,0.5656449603982057,3.551633006640156,-2349.742500084021,-6.907755278982137
444,human_full25k,S1,cost,5.966997467214981,1,0.5463143546846034,3.551633006640156,-2349.7505229198055,-6.907755278982137
445,human_full25k,S1,cost,5.71843525803283,1,0.5463143546846034,3.551633006640156,-2349.369060583216,-6.214608098422191
446,human_full25k,S1,cost,5.71843525803283,1,0.5463143546846034,3.565469877470468,-2349.3335455740203,-6.214608098422191
447,human_full25k,S1,cost,5.71843525803283,1,0.5266268262355988,3.565469877470468,-2349.3524042273184,-6.907755278982137
448,human_full25k,S1,cost,5.71843525803283,1,0.5266268262355988,3.5448337594158437,-2349.413503788535,-6.907755278982137
449,human_full25k,S1,cost,5.877265728362076,1,0.5266268262355988,3.5448337594158437,-2349.566979339054,-6.907755278982137
450,human_full25k,S1,cost,5.877265728362076,1,0.576206419574167,3.5448337594158437,-2349.5401765975594,-5.521460917862246
451,human_full25k,S1,cost,5.628460730425036,1,0.576206419574167,3.5448337594158437,-2349.3997590308836,-6.907755278982137
452,human_full25k,S1,cost,5.628460730425036,1,0.6052100704488992,3.5448337594158437,-2349.3877647817303,-6.907755278982137
453,human_full25k,S1,cost,5.628460730425036,1,0.6052100704488992,3.566868418642843,-2349.282899750774,-6.907755278982137
454,human_full25k,S1,cost,5.628460730425036,1,0.6688853302999092,3.566868418642843,-2349.281657764041,-6.214608098422191
455,human_full25k,S1,cost,5.628460730425036,1,0.6424257449987807,3.566868418642843,-2349.277095599678,-6.907755278982137
456,human_full25k,S1,cost,5.628460730425036,1,0.5663283052431087,3.566868418642843,-2349.3043244523137,-6.907755278982137
457,human_full25k,S1,cost,5.628460730425036,1,0.6002082430941336,3.566868418642843,-2349.2847736923713,-6.907755278982137
458,human_full25k,S1,cost,5.628460730425036,1,0.6002082430941336,3.575997048271435,-2349.261144559452,-6.214608098422191
459,human_full25k,S1,cost,5.628460730425036,1,0.6002082430941336,3.6417974226062406,-2349.4257479557614,-6.907755278982137
460,human_full25k,S1,cost,5.724751036916149,1,0.6002082430941336,3.6417974226062406,-2349.5711483576893,-6.214608098422191
461,human_full25k,S1,cost,5.724751036916149,1,0.6002082430941336,3.570712344160601,-2349.299672435606,-6.907755278982137
462,human_full25k,S1,cost,5.724751036916149,1,0.5479559967106303,3.570712344160601,-2349.329814629897,-6.907755278982137
463,human_full25k,S1,cost,5.724751036916149,1,0.5479559967106303,3.597183577595063,-2349.356618175996,-5.809142990314028
464,human_full25k,S1,cost,5.724751036916149,1,0.5479559967106303,3.6354950404362105,-2349.5627697066607,-6.214608098422191
465,human_full25k,S1,cost,5.724751036916149,1,0.4631174772172262,3.6354950404362105,-2349.693729262215,-6.907755278982137
466,human_full25k,S1,cost,5.724751036916149,1,0.5130830376615387,3.6354950404362105,-2349.607393341885,-6.907755278982137
467,human_full25k,S1,cost,5.724751036916149,1,0.44049724975241983,3.6354950404362105,-2349.7415516025767,-6.907755278982137
468,human_full25k,S1,cost,5.724751036916149,1,0.5380205738400188,3.6354950404362105,-2349.5741802258103,-6.214608098422191
469,human_full25k,S1,cost,5.724751036916149,1,0.5380205738400188,3.695266259529126,-2350.284926182514,-6.907755278982137
470,human_full25k,S1,cost,5.724751036916149,1,0.6102521176074778,3.695266259529126,-2350.2092389333784,-6.907755278982137
471,human_full25k,S1,cost,5.724751036916149,1,0.527792773563463,3.695266259529126,-2350.300055170278,-6.907755278982137
472,human_full25k,S1,cost,5.668690024744767,1,0.527792773563463,3.695266259529126,-2350.158539141961,-6.907755278982137
473,human_full25k,S1,cost,5.668690024744767,1,0.608586926410889,3.695266259529126,-2350.063215566535,-6.907755278982137
474,human_full25k,S1,cost,5.723370248047311,1,0.608586926410889,3.695266259529126,-2350.2063902707587,-6.907755278982137
475,human_full25k,S1,cost,5.723370248047311,1,0.5168684192744936,3.695266259529126,-2350.3136064092437,-5.521460917862246
476,human_full25k,S1,cost,5.723370248047311,1,0.4975809019655799,3.695266259529126,-2350.34739156595,-6.214608098422191
477,human_full25k,S1,cost,5.723370248047311,1,0.4975809019655799,3.7644627391541623,-2351.7506370938813,-6.907755278982137
478,human_full25k,S1,cost,5.723370248047311,1,0.4975809019655799,3.840352062679901,-2353.9684902364434,-6.907755278982137
479,human_full25k,S1,cost,5.723370248047311,1,0.4975809019655799,3.7685772475404,-2351.8529258258936,-6.214608098422191
480,human_full25k,S1,cost,5.723370248047311,1,0.515900025868841,3.7685772475404,-2351.815757377071,-6.907755278982137
481,human_full25k,S1,cost,4.894639027553663,1,0.515900025868841,3.7685772475404,-2352.09499316253,-6.907755278982137
482,human_full25k,S1,cost,4.894639027553663,1,0.515900025868841,3.7217892410352285,-2351.8045756445663,-6.907755278982137
483,human_full25k,S1,cost,4.894639027553663,1,0.45571552550026495,3.7217892410352285,-2351.9910659369702,-6.907755278982137
484,human_full25k,S1,cost,5.759319000798626,1,0.45571552550026495,3.7217892410352285,-2351.023075606771,-6.907755278982137
485,human_full25k,S1,cost,5.759319000798626,1,0.45571552550026495,3.6471015304575847,-2349.8852148836154,-6.907755278982137
486,human_full25k,S1,cost,5.35785278574272,1,0.45571552550026495,3.6471015304575847,-2349.810386522227,-6.907755278982137
487,human_full25k,S1,cost,5.35785278574272,1,0.45571552550026495,3.6203875081549057,-2349.7720503879605,-6.907755278982137
488,human_full25k,S1,cost,5.1920530495416894,1,0.45571552550026495,3.6203875081549057,-2350.3581179072844,-6.907755278982137
489,human_full25k,S1,cost,5.1920530495416894,1,0.5255455440591973,3.6203875081549057,-2350.199469281364,-6.907755278982137
490,human_full25k,S1,cost,5.1920530495416894,1,0.5113189298996972,3.6203875081549057,-2350.227583125217,-6.907755278982137
491,human_full25k,S1,cost,5.1920530495416894,1,0.5113189298996972,3.714410475040576,-2350.453118873375,-6.907755278982137
492,human_full25k,S1,cost,5.1920530495416894,1,0.5113189298996972,3.698756094233376,-2350.334216322366,-6.214608098422191
493,human_full25k,S1,cost,5.1920530495416894,1,0.446429058519293,3.698756094233376,-2350.5109680854353,-6.907755278982137
494,human_full25k,S1,cost,5.499630726156029,1,0.446429058519293,3.698756094233376,-2350.145115256546,-6.907755278982137
495,human_full25k,S1,cost,5.7263879819529535,1,0.446429058519293,3.698756094233376,-2350.521313519973,-6.907755278982137
496,human_full25k,S1,cost,5.7263879819529535,1,0.3618798498487818,3.698756094233376,-2350.7632530959286,-6.907755278982137
497,human_full25k,S1,cost,5.909769900237514,1,0.3618798498487818,3.698756094233376,-2351.402436081076,-6.907755278982137
498,human_full25k,S1,cost,5.909769900237514,1,0.3618798498487818,3.712267114147023,-2351.681517949916,-6.907755278982137
499,human_full25k,S1,cost,5.909769900237514,1,0.3252865325047224,3.712267114147023,-2351.803513398476,-6.907755278982137
500,human_full25k,S1,cost,5.909769900237514,1,0.3252865325047224,3.7147094739994957,-2351.8567377307486,-6.907755278982137
501,human_full25k,S1,cost,5.909769900237514,1,0.40953749775320575,3.7147094739994957,-2351.5968910468678,-6.907755278982137
502,human_full25k,S1,cost,5.0797864811120705,1,0.40953749775320575,3.7147094739994957,-2351.142905135466,-6.907755278982137
503,human_full25k,S1,cost,5.565178307373614,1,0.40953749775320575,3.7147094739994957,-2350.5443641899674,-6.907755278982137
504,human_full25k,S1,cost,5.565178307373614,1,0.40091359414495154,3.7147094739994957,-2350.5712181425556,-6.907755278982137
505,human_full25k,S1,cost,5.565178307373614,1,0.40091359414495154,3.7342054871408115,-2350.908918677319,-6.907755278982137
506,human_full25k,S1,cost,5.565178307373614,1,0.40091359414495154,3.7435605471416395,-2351.0880751596865,-6.907755278982137
507,human_full25k,S1,cost,5.3505511450713525,1,0.40091359414495154,3.7435605471416395,-2350.9138351917713,-6.907755278982137
508,human_full25k,S1,cost,5.3505511450713525,1,0.40091359414495154,3.8329381540850447,-2352.835678441204,-6.214608098422191
509,human_full25k,S1,cost,5.3505511450713525,1,0.40091359414495154,3.7422790330008215,-2350.893561485534,-5.809142990314028
510,human_full25k,S1,cost,5.3505511450713525,1,0.40091359414495154,3.6832045347422557,-2350.1884235344164,-6.214608098422191
511,human_full25k,S1,cost,5.3505511450713525,1,0.41688629633382385,3.6832045347422557,-2350.137013616097,-6.214608098422191
512,human_full25k,S1,cost,5.3505511450713525,1,0.402214322975546,3.6832045347422557,-2350.184133852663,-6.214608098422191
513,human_full25k,S1,cost,5.294211409669236,1,0.402214322975546,3.6832045347422557,-2350.284878763358,-6.907755278982137
514,human_full25k,S1,cost,5.294211409669236,1,0.402214322975546,3.6550749756433656,-2350.140153066086,-6.907755278982137
515,human_full25k,S1,cost,5.294211409669236,1,0.48091053587352345,3.6550749756433656,-2349.9181279190725,-5.809142990314028
516,human_full25k,S1,cost,5.294211409669236,1,0.5355324389983658,3.6550749756433656,-2349.802905249727,-6.214608098422191
517,human_full25k,S1,cost,5.294211409669236,1,0.5355324389983658,3.607594034094225,-2349.8250023009173,-6.907755278982137
518,human_full25k,S1,cost,5.294211409669236,1,0.5355324389983658,3.5903169445021774,-2349.9091394618085,-6.907755278982137
519,human_full25k,S1,cost,5.294211409669236,1,0.5602282713460373,3.5903169445021774,-2349.873974716825,-6.907755278982137
520,human_full25k,S1,cost,5.294211409669236,1,0.5602282713460373,3.578996062021387,-2349.952547444941,-6.907755278982137
521,human_full25k,S1,cost,5.540812473123921,1,0.5602282713460373,3.578996062021387,-2349.334724809262,-6.907755278982137
522,human_full25k,S1,cost,5.540812473123921,1,0.6068241716219178,3.578996062021387,-2349.301044220512,-6.214608098422191
523,human_full25k,S1,cost,5.540812473123921,1,0.6068241716219178,3.48052158189128,-2350.2895939692376,-6.214608098422191
524,human_full25k,S1,cost,5.540812473123921,1,0.5906746392043778,3.48052158189128,-2350.2923746315887,-6.907755278982137
525,human_full25k,S1,cost,5.540812473123921,1,0.5330297751607943,3.48052158189128,-2350.324526947961,-6.907755278982137
526,human_full25k,S1,cost,5.540812473123921,1,0.5330297751607943,3.4147887155144256,-2351.737594335356,-6.907755278982137
527,human_full25k,S1,cost,5.540812473123921,1,0.540943012685715,3.4147887155144256,-2351.733203762349,-6.907755278982137
528,human_full25k,S1,cost,5.540812473123921,1,0.5593206843228892,3.4147887155144256,-2351.7255484355674,-6.214608098422191
529,human_full25k,S1,cost,5.540812473123921,1,0.5053672705735858,3.4147887155144256,-2351.758137096825,-6.907755278982137
530,human_full25k,S1,cost,5.540812473123921,1,0.6051015199709843,3.4147887155144256,-2351.7218544444145,-6.907755278982137
531,human_full25k,S1,cost,5.540812473123921,1,0.6431731010687588,3.4147887155144256,-2351.735383036491,-6.907755278982137
532,human_full25k,S1,cost,5.540812473123921,1,0.6414463308828954,3.4147887155144256,-2351.73444483795,-6.214608098422191
533,human_full25k,S1,cost,5.540812473123921,1,0.6414463308828954,3.3378944536013577,-2354.2342913535254,-6.907755278982137
534,human_full25k,S1,cost,5.540812473123921,1,0.629348576386973,3.3378944536013577,-2354.2248223878855,-6.907755278982137
535,human_full25k,S1,cost,5.540812473123921,1,0.629348576386973,3.3762675825135178,-2352.867954899248,-6.907755278982137
536,human_full25k,S1,cost,5.540812473123921,1,0.5520634291794339,3.3762675825135178,-2352.8553545002196,-5.521460917862246
537,human_full25k,S1,cost,5.540812473123921,1,0.5520634291794339,3.345866414024132,-2353.9024257337455,-6.907755278982137
538,human_full25k,S1,cost,5.540812473123921,1,0.5691907646378045,3.345866414024132,-2353.9019447945498,-6.907755278982137
539,human_full25k,S1,cost,5.540812473123921,1,0.5691907646378045,3.27469761675143,-2356.9115861444184,-6.907755278982137
540,human_full25k,S1,cost,6.378669196435664,1,0.5691907646378045,3.27469761675143,-2355.1242267788107,-6.907755278982137
541,human_full25k,S1,cost,6.37537382131303,1,0.5691907646378045,3.27469761675143,-2355.117790978508,-5.809142990314028
542,human_full25k,S1,cost,6.37537382131303,1,0.5342636715697006,3.27469761675143,-2355.0840618855586,-6.907755278982137
543,human_full25k,S1,cost,6.37537382131303,1,0.5342636715697006,3.294873663129018,-2354.4462039398013,-6.907755278982137
544,human_full25k,S1,cost,6.385236806295332,1,0.5342636715697006,3.294873663129018,-2354.4685140665656,-5.809142990314028
545,human_full25k,S1,cost,6.388399902090157,1,0.5342636715697006,3.294873663129018,-2354.475842406622,-6.907755278982137
546,human_full25k,S1,cost,6.388399902090157,1,0.5287124233764305,3.294873663129018,-2354.471979549034,-6.214608098422191
547,human_full25k,S1,cost,6.388399902090157,1,0.5287124233764305,3.3023217923188293,-2354.253920658469,-6.907755278982137
548,human_full25k,S1,cost,6.388399902090157,1,0.5287124233764305,3.343759395215363,-2353.1942423524893,-6.907755278982137
549,human_full25k,S1,cost,6.120692127006003,1,0.5287124233764305,3.343759395215363,-2352.677492278661,-6.907755278982137
550,human_full25k,S1,cost,6.120692127006003,1,0.5287124233764305,3.4089340242772286,-2351.254460904082,-6.907755278982137
551,human_full25k,S1,cost,6.120692127006003,1,0.5287124233764305,3.415228176112079,-2351.1502052777337,-5.809142990314028
552,human_full25k,S1,cost,6.120692127006003,1,0.5749883992537141,3.415228176112079,-2351.159859605625,-6.907755278982137
553,human_full25k,S1,cost,6.120692127006003,1,0.5895253950726245,3.415228176112079,-2351.1675042990387,-6.907755278982137
554,human_full25k,S1,cost,6.120692127006003,1,0.5895253950726245,3.4933215945871114,-2350.3313419172946,-6.907755278982137
555,human_full25k,S1,cost,6.120692127006003,1,0.5253160042075739,3.4933215945871114,-2350.3323341588134,-6.907755278982137
556,human_full25k,S1,cost,6.120692127006003,1,0.473113394513728,3.4933215945871114,-2350.3650491542376,-6.214608098422191
557,human_full25k,S1,cost,6.120692127006003,1,0.47703860509797763,3.4933215945871114,-2350.3615869014093,-6.907755278982137
558,human_full25k,S1,cost,6.120692127006003,1,0.47435013461981135,3.4933215945871114,-2350.3639406350053,-6.907755278982137
559,human_full25k,S1,cost,6.151406399470915,1,0.47435013461981135,3.4933215945871114,-2350.462272169155,-6.907755278982137
560,human_full25k,S1,cost,6.151406399470915,1,0.539922439035202,3.4933215945871114,-2350.428885452505,-6.214608098422191
561,human_full25k,S1,cost,6.151406399470915,1,0.539922439035202,3.4472332558574443,-2350.7863064429503,-6.907755278982137
562,human_full25k,S1,cost,6.151406399470915,1,0.6264451719305705,3.4472332558574443,-2350.8254029301447,-6.907755278982137
563,human_full25k,S1,cost,5.509818766530511,1,0.6264451719305705,3.4472332558574443,-2351.052429684219,-6.907755278982137
564,human_full25k,S1,cost,5.509818766530511,1,0.6791553918984331,3.4472332558574443,-2351.0781625232325,-6.907755278982137
565,human_full25k,S1,cost,5.509818766530511,1,0.6791553918984331,3.4970243733513353,-2350.1264185048717,-6.907755278982137
566,human_full25k,S1,cost,6.274048549724289,1,0.6791553918984331,3.4970243733513353,-2350.9956602560874,-6.214608098422191
567,human_full25k,S1,cost,6.274048549724289,1,0.7750467478094852,3.4970243733513353,-2351.1760437817934,-6.907755278982137
568,human_full25k,S1,cost,6.274048549724289,1,0.7750467478094852,3.495375398527171,-2351.1810824471113,-6.214608098422191
569,human_full25k,S1,cost,6.068872117591893,1,0.7750467478094852,3.495375398527171,-2350.3891964998725,-6.214608098422191
570,human_full25k,S1,cost,6.068872117591893,1,0.7496448836318794,3.495375398527171,-2350.3379237020085,-6.907755278982137
571,human_full25k,S1,cost,6.068872117591893,1,0.8448208569079056,3.495375398527171,-2350.5631764254836,-6.907755278982137
572,human_full25k,S1,cost,6.068872117591893,1,0.8448208569079056,3.427417728654537,-2351.3410469961623,-6.907755278982137
573,human_full25k,S1,cost,6.068872117591893,1,0.894801654651721,3.427417728654537,-2351.5076808995263,-6.907755278982137
574,human_full25k,S1,cost,5.431600112651515,1,0.894801654651721,3.427417728654537,-2352.320260586365,-5.809142990314028
575,human_full25k,S1,cost,5.431600112651515,1,0.8463223292202935,3.427417728654537,-2352.1900767109355,-6.907755278982137
576,human_full25k,S1,cost,5.431600112651515,1,0.8463223292202935,3.4651977030865115,-2351.2427076496456,-6.907755278982137
577,human_full25k,S1,cost,6.091248877078131,1,0.8463223292202935,3.4651977030865115,-2350.891349983824,-6.907755278982137
578,human_full25k,S1,cost,6.091248877078131,1,0.7521362789798163,3.4651977030865115,-2350.653948192089,-6.907755278982137
579,human_full25k,S1,cost,6.091248877078131,1,0.6576333409111652,3.4651977030865115,-2350.505399739954,-6.907755278982137
580,human_full25k,S1,cost,6.091248877078131,1,0.5584816740046723,3.4651977030865115,-2350.447918452912,-6.907755278982137
581,human_full25k,S1,cost,5.648899292802203,1,0.5584816740046723,3.4651977030865115,-2350.3022680794315,-6.907755278982137
582,human_full25k,S1,cost,5.648899292802203,1,0.5584816740046723,3.538652892234983,-2349.436591976741,-6.907755278982137
583,human_full25k,S1,cost,5.648899292802203,1,0.5584816740046723,3.545284367989624,-2349.395890560604,-6.907755278982137
584,human_full25k,S1,cost,5.6572809141909755,1,0.5584816740046723,3.545284367989624,-2349.391941007688,-6.214608098422191
585,human_full25k,S1,cost,5.6572809141909755,1,0.5916490748029289,3.545284367989624,-2349.3738396649173,-6.907755278982137
586,human_full25k,S1,cost,5.6572809141909755,1,0.6011423492909662,3.545284367989624,-2349.37076940158,-6.214608098422191
587,human_full25k,S1,cost,5.6572809141909755,1,0.6011423492909662,3.475770824625765,-2350.106225403021,-6.907755278982137
588,human_full25k,S1,cost,5.6572809141909755,1,0.6011423492909662,3.3995655132426013,-2351.7112215459615,-6.907755278982137
589,human_full25k,S1,cost,5.6572809141909755,1,0.5410362744071195,3.3995655132426013,-2351.7121951201816,-6.907755278982137
590,human_full25k,S1,cost,5.6572809141909755,1,0.4812427333177312,3.3995655132426013,-2351.7508660466765,-6.907755278982137
591,human_full25k,S1,cost,5.6572809141909755,1,0.5410154980014981,3.3995655132426013,-2351.7122020004704,-6.214608098422191
592,human_full25k,S1,cost,5.6572809141909755,1,0.6297222907714886,3.3995655132426013,-2351.7239587059566,-6.907755278982137
593,human_full25k,S1,cost,5.6572809141909755,1,0.6135728516316391,3.3995655132426013,-2351.7157209348816,-6.214608098422191
594,human_full25k,S1,cost,5.6572809141909755,1,0.663788098590497,3.3995655132426013,-2351.7501655428355,-6.907755278982137
595,human_full25k,S1,cost,5.6572809141909755,1,0.6969258967612426,3.3995655132426013,-2351.787091170702,-6.907755278982137
596,human_full25k,S1,cost,5.6572809141909755,1,0.6969258967612426,3.3421791659843914,-2353.585832996018,-5.809142990314028
597,human_full25k,S1,cost,5.83397805871437,1,0.6969258967612426,3.3421791659843914,-2353.0581227767175,-6.907755278982137
598,human_full25k,S1,cost,5.83397805871437,1,0.6969258967612426,3.3813564345395952,-2351.902415241837,-6.907755278982137
599,human_full25k,S1,cost,5.83397805871437,1,0.6969258967612426,3.3721074668337856,-2352.1544509552286,-6.907755278982137
600,human_full25k,S1,cost,5.93429595221397,1,0.6969258967612426,3.3721074668337856,-2352.0592438391855,-6.907755278982137
601,human_full25k,S1,cost,5.93429595221397,1,0.6969258967612426,3.371297134922786,-2352.0805170183767,-6.214608098422191
602,human_full25k,S1,cost,5.93429595221397,1,0.6424949243656644,3.371297134922786,-2352.0044611084204,-6.907755278982137
603,human_full25k,S1,cost,5.93429595221397,1,0.6424949243656644,3.46766531313138,-2350.1728379219962,-6.907755278982137
604,human_full25k,S1,cost,5.93429595221397,1,0.5703127730835928,3.46766531313138,-2350.1451565385123,-6.907755278982137
605,human_full25k,S1,cost,5.93429595221397,1,0.5387466510900918,3.46766531313138,-2350.150088874033,-6.907755278982137
606,human_full25k,S1,cost,5.93429595221397,1,0.5387466510900918,3.478235893367777,-2350.0352023874725,-6.907755278982137
607,human_full25k,S1,cost,5.061921726787287,1,0.5387466510900918,3.478235893367777,-2353.250330547993,-6.214608098422191
608,human_full25k,S1,cost,5.061921726787287,1,0.5850369979215007,3.478235893367777,-2353.2018601378186,-6.907755278982137
609,human_full25k,S1,cost,5.061921726787287,1,0.5655078132165623,3.478235893367777,-2353.2195600753394,-5.809142990314028
610,human_full25k,S1,cost,5.466584586618811,1,0.5655078132165623,3.478235893367777,-2350.592633784654,-6.907755278982137
611,human_full25k,S1,cost,5.466584586618811,1,0.4756095580221502,3.478235893367777,-2350.6882494306174,-6.907755278982137
612,human_full25k,S1,cost,5.466584586618811,1,0.4756095580221502,3.5076193417329193,-2350.2145114356654,-6.214608098422191
613,human_full25k,S1,cost,5.535429670241255,1,0.4756095580221502,3.5076193417329193,-2350.0106516021965,-5.809142990314028
614,human_full25k,S1,cost,5.535429670241255,1,0.4756095580221502,3.519682762839945,-2349.8675284552737,-5.809142990314028
615,human_full25k,S1,cost,5.917540057242324,1,0.4756095580221502,3.519682762839945,-2349.761817395847,-6.907755278982137
616,human_full25k,S1,cost,5.663973872884103,1,0.4756095580221502,3.519682762839945,-2349.6603865344164,-6.214608098422191
617,human_full25k,S1,cost,5.663973872884103,1,0.497315908773187,3.519682762839945,-2349.63060972674,-5.521460917862246
618,human_full25k,S1,cost,5.663973872884103,1,0.497315908773187,3.5630839250421946,-2349.382446711416,-6.907755278982137
619,human_full25k,S1,cost,5.663973872884103,1,0.497315908773187,3.604787406923591,-2349.388550488108,-6.907755278982137
620,human_full25k,S1,cost,5.663973872884103,1,0.4644198686743839,3.604787406923591,-2349.446461423394,-6.907755278982137
621,human_full25k,S1,cost,5.663973872884103,1,0.43123422145097584,3.604787406923591,-2349.516576663668,-6.907755278982137
622,human_full25k,S1,cost,5.663973872884103,1,0.49340285804490147,3.604787406923591,-2349.3948367493654,-6.907755278982137
623,human_full25k,S1,cost,5.663973872884103,1,0.45853126309759495,3.604787406923591,-2349.4580436314245,-6.907755278982137
624,human_full25k,S1,cost,5.663973872884103,1,0.45853126309759495,3.6696146738880504,-2349.941213754378,-6.907755278982137
625,human_full25k,S1,cost,5.663973872884103,1,0.45853126309759495,3.577692162357692,-2349.423018302341,-6.907755278982137
626,human_full25k,S1,cost,5.663973872884103,1,0.43783516998262517,3.577692162357692,-2349.464507261481,-6.907755278982137
627,human_full25k,S1,cost,5.663973872884103,1,0.43783516998262517,3.4978652356876805,-2349.943640124465,-6.907755278982137
628,human_full25k,S1,cost,5.663973872884103,1,0.43783516998262517,3.510679899376753,-2349.806583244766,-6.214608098422191
629,human_full25k,S1,cost,5.663973872884103,1,0.47642770173410176,3.510679899376753,-2349.7429294307963,-6.214608098422191
630,human_full25k,S1,cost,5.663973872884103,1,0.47642770173410176,3.4706713856976363,-2350.2543604896696,-6.214608098422191
631,human_full25k,S1,cost,5.663973872884103,1,0.4157516311364865,3.4706713856976363,-2350.3521445171245,-6.907755278982137
632,human_full25k,S1,cost,5.663973872884103,1,0.4157516311364865,3.4805702721168164,-2350.206663078021,-6.214608098422191
633,human_full25k,S1,cost,5.663973872884103,1,0.43698439117210014,3.4805702721168164,-2350.1671353935453,-6.214608098422191
634,human_full25k,S1,cost,5.752777271538184,1,0.43698439117210014,3.4805702721168164,-2350.0632542685807,-6.907755278982137
635,human_full25k,S1,cost,5.752777271538184,1,0.43698439117210014,3.5402550560872847,-2349.5697194842555,-6.907755278982137
636,human_full25k,S1,cost,5.752777271538184,1,0.419595548950081,3.5402550560872847,-2349.604000354336,-6.907755278982137
637,human_full25k,S1,cost,5.752777271538184,1,0.419595548950081,3.5922075518703984,-2349.5809535892017,-6.907755278982137
638,human_full25k,S1,cost,5.752777271538184,1,0.3774775833469472,3.5922075518703984,-2349.6857919073327,-6.907755278982137
639,human_full25k,S1,cost,5.752777271538184,1,0.3774775833469472,3.5722892018118584,-2349.6477758273136,-6.907755278982137
640,human_full25k,S1,cost,5.752777271538184,1,0.3774775833469472,3.547369854545444,-2349.6765904282197,-5.809142990314028
641,human_full25k,S1,cost,5.752777271538184,1,0.3774775833469472,3.6388697327260866,-2349.9839318525446,-6.907755278982137
642,human_full25k,S1,cost,5.752777271538184,1,0.3219802879900221,3.6388697327260866,-2350.1612056099007,-6.907755278982137
643,human_full25k,S1,cost,5.752777271538184,1,0.3219802879900221,3.5954137206557792,-2349.8651407303887,-6.907755278982137
644,human_full25k,S1,cost,6.0402147504382055,1,0.3219802879900221,3.5954137206557792,-2350.5811153284576,-6.907755278982137
645,human_full25k,S1,cost,6.0402147504382055,1,0.3219802879900221,3.5363214246933534,-2350.3132517023096,-6.907755278982137
646,human_full25k,S1,cost,5.4093655403408345,1,0.3219802879900221,3.5363214246933534,-2350.4610510007137,-6.907755278982137
647,human_full25k,S1,cost,5.4093655403408345,1,0.3219802879900221,3.5855911622117667,-2350.1163047378063,-6.214608098422191
648,human_full25k,S1,cost,5.4093655403408345,1,0.22347285945218248,3.5855911622117667,-2350.534634386818,-5.809142990314028
649,human_full25k,S1,cost,5.4093655403408345,1,0.22347285945218248,3.609598333237175,-2350.4975509425335,-6.907755278982137
650,human_full25k,S1,cost,5.4093655403408345,1,0.26465516582736276,3.609598333237175,-2350.3055855363436,-6.907755278982137
651,human_full25k,S1,cost,5.529905256156974,1,0.26465516582736276,3.609598333237175,-2350.105494491681,-6.907755278982137
652,human_full25k,S1,cost,5.529905256156974,1,0.3624741443667136,3.609598333237175,-2349.7388226455814,-6.907755278982137
653,human_full25k,S1,cost,5.529905256156974,1,0.38590208628026584,3.609598333237175,-2349.666545292648,-6.214608098422191
654,human_full25k,S1,cost,5.529905256156974,1,0.38590208628026584,3.609178967020661,-2349.6658534823227,-6.214608098422191
655,human_full25k,S1,cost,5.529905256156974,1,0.45907979537303134,3.609178967020661,-2349.4784094904835,-6.907755278982137
656,human_full25k,S1,cost,5.529905256156974,1,0.45405545424690574,3.609178967020661,-2349.4894401262636,-6.907755278982137
657,human_full25k,S1,cost,5.529905256156974,1,0.38386467149351083,3.609178967020661,-2349.671899121183,-6.907755278982137
658,human_full25k,S1,cost,5.529905256156974,1,0.38386467149351083,3.5576504613898465,-2349.7690997523036,-6.214608098422191
659,human_full25k,S1,cost,5.529905256156974,1,0.38386467149351083,3.514012520831992,-2350.1391619924557,-6.907755278982137
660,human_full25k,S1,cost,5.529905256156974,1,0.38386467149351083,3.580202421912408,-2349.681761940813,-6.907755278982137
661,human_full25k,S1,cost,5.157479450358253,1,0.38386467149351083,3.580202421912408,-2351.0204857670715,-6.214608098422191
662,human_full25k,S1,cost,5.036850778716881,1,0.38386467149351083,3.580202421912408,-2351.840411079058,-6.907755278982137
663,human_full25k,S1,cost,5.036850778716881,1,0.35858944012406474,3.580202421912408,-2351.930412849625,-6.214608098422191
664,human_full25k,S1,cost,5.444035186524049,1,0.35858944012406474,3.580202421912408,-2349.9204274171325,-6.907755278982137
665,human_full25k,S1,cost,5.444035186524049,1,0.43460136150557244,3.580202421912408,-2349.705570052392,-6.907755278982137
666,human_full25k,S1,cost,5.759728703702389,1,0.43460136150557244,3.580202421912408,-2349.5287647325345,-6.907755278982137
667,human_full25k,S1,cost,5.759728703702389,1,0.43460136150557244,3.5711771303124347,-2349.5204775591887,-6.907755278982137
668,human_full25k,S1,cost,5.7099654445845625,1,0.43460136150557244,3.5711771303124347,-2349.4863829962565,-5.809142990314028
669,human_full25k,S1,cost,5.255257488909622,1,0.43460136150557244,3.5711771303124347,-2350.430318647614,-6.214608098422191
670,human_full25k,S1,cost,5.255257488909622,1,0.4316593044139798,3.5711771303124347,-2350.4379976558807,-6.214608098422191
671,human_full25k,S1,cost,5.255257488909622,1,0.45597116123308135,3.5711771303124347,-2350.3773349385165,-6.907755278982137
672,human_full25k,S1,cost,5.255257488909622,1,0.40119247776049083,3.5711771303124347,-2350.5230103379977,-6.907755278982137
673,human_full25k,S1,cost,5.255257488909622,1,0.36371302897119395,3.5711771303124347,-2350.6413937142424,-6.214608098422191
674,human_full25k,S1,cost,5.255257488909622,1,0.3731589479389377,3.5711771303124347,-2350.6101169006265,-6.907755278982137
675,human_full25k,S1,cost,5.255257488909622,1,0.3731589479389377,3.669560733611149,-2350.4054888124524,-6.907755278982137
676,human_full25k,S1,cost,5.255257488909622,1,0.3702602257403661,3.669560733611149,-2350.4161631922384,-6.907755278982137
677,human_full25k,S1,cost,5.255257488909622,1,0.3702602257403661,3.614339062162402,-2350.3682037337917,-6.214608098422191
678,human_full25k,S1,cost,5.255257488909622,1,0.38267054161350544,3.614339062162402,-2350.3259720572037,-6.907755278982137
679,human_full25k,S1,cost,5.638292016171091,1,0.38267054161350544,3.614339062162402,-2349.665997287016,-6.907755278982137
680,human_full25k,S1,cost,5.638292016171091,1,0.38267054161350544,3.599107855474551,-2349.6167521286807,-6.907755278982137
681,human_full25k,S1,cost,5.638292016171091,1,0.38267054161350544,3.686419664659912,-2350.317699081636,-6.214608098422191
682,human_full25k,S1,cost,5.638292016171091,1,0.4653316563630353,3.686419664659912,-2350.0935106814195,-6.214608098422191
683,human_full25k,S1,cost,5.434215950690817,1,0.4653316563630353,3.686419664659912,-2349.952482482602,-6.214608098422191
684,human_full25k,S1,cost,5.434215950690817,1,0.4653316563630353,3.603175069312823,-2349.5936157198207,-6.907755278982137
685,human_full25k,S1,cost,5.434215950690817,1,0.4653316563630353,3.6847362315197185,-2349.9361229005526,-6.907755278982137
686,human_full25k,S1,cost,5.434215950690817,1,0.5534759887578483,3.6847362315197185,-2349.755632077748,-6.907755278982137
687,human_full25k,S1,cost,5.434215950690817,1,0.5534759887578483,3.681398027027705,-2349.725454168082,-6.907755278982137
688,human_full25k,S1,cost,5.434215950690817,1,0.5584675687920853,3.681398027027705,-2349.717752823457,-6.907755278982137
689,human_full25k,S1,cost,5.434215950690817,1,0.4648491949822796,3.681398027027705,-2349.9059875157996,-6.907755278982137
690,human_full25k,S1,cost,5.434215950690817,1,0.38331652521304543,3.681398027027705,-2350.1461280566714,-6.907755278982137
691,human_full25k,S1,cost,5.212451516638432,1,0.38331652521304543,3.681398027027705,-2350.555710371232,-6.907755278982137
692,human_full25k,S1,cost,4.8410272109547385,1,0.38331652521304543,3.681398027027705,-2352.6453200179517,-6.907755278982137
