id,perception,pragmatics,production,simScaling,pragWeight,costWeight, infWeight,logLikelihood,posteriorProb
0,human_full25k,combined,nocost,8.380834238281428,0.99914089424651,0,1.984441005848221,-2524.4073491918175,-5.298317366548036
1,human_full25k,combined,nocost,8.514401909256343,0.99914089424651,0,1.984441005848221,-2524.037451182364,-6.907755278982137
2,human_full25k,combined,nocost,8.848010387505338,0.99914089424651,0,1.984441005848221,-2523.4490902900325,-6.214608098422191
3,human_full25k,combined,nocost,9.056785879881577,0.99914089424651,0,1.984441005848221,-2523.3065420730236,-6.907755278982137
4,human_full25k,combined,nocost,9.056785879881577,0.99914089424651,0,2.0411175199175124,-2510.284407936793,-5.521460917862246
5,human_full25k,combined,nocost,9.056785879881577,0.99914089424651,0,2.064606804757931,-2505.080020880492,-6.214608098422191
6,human_full25k,combined,nocost,9.056785879881577,0.99914089424651,0,2.0933867745161026,-2498.8573839241853,-5.521460917862246
7,human_full25k,combined,nocost,9.056785879881577,0.99914089424651,0,2.1245294095754708,-2492.314953223007,-5.809142990314028
8,human_full25k,combined,nocost,9.056785879881577,0.99914089424651,0,2.2021167375282857,-2476.87848427302,-6.907755278982137
9,human_full25k,combined,nocost,8.309582914008558,0.99914089424651,0,2.2021167375282857,-2476.326213051882,-6.907755278982137
10,human_full25k,combined,nocost,8.802143325537033,0.99914089424651,0,2.2021167375282857,-2476.4324280778205,-6.907755278982137
11,human_full25k,combined,nocost,8.802143325537033,0.99914089424651,0,2.207358473440121,-2475.4178360215806,-5.809142990314028
12,human_full25k,combined,nocost,8.802143325537033,0.99914089424651,0,2.2258300983579242,-2471.8869565542986,-5.809142990314028
13,human_full25k,combined,nocost,8.593440602065012,0.99914089424651,0,2.2258300983579242,-2471.653386472957,-6.214608098422191
14,human_full25k,combined,nocost,8.643301491493913,0.99914089424651,0,2.2258300983579242,-2471.6927016365175,-6.214608098422191
15,human_full25k,combined,nocost,8.794498401002658,0.99914089424651,0,2.2258300983579242,-2471.8752580324476,-6.907755278982137
16,human_full25k,combined,nocost,8.794498401002658,0.99914089424651,0,2.2407492040232886,-2469.072626702727,-6.907755278982137
17,human_full25k,combined,nocost,8.794498401002658,0.99914089424651,0,2.30619832582555,-2457.310308016931,-6.907755278982137
18,human_full25k,combined,nocost,8.794498401002658,0.99914089424651,0,2.4061116251585677,-2441.017473368457,-6.907755278982137
19,human_full25k,combined,nocost,8.794498401002658,0.99914089424651,0,2.49366542053388,-2428.3737906576175,-6.907755278982137
20,human_full25k,combined,nocost,7.93804904083193,0.99914089424651,0,2.49366542053388,-2425.8041706496824,-6.907755278982137
21,human_full25k,combined,nocost,7.934927187362833,0.99914089424651,0,2.49366542053388,-2425.8012666597733,-5.115995809754082
22,human_full25k,combined,nocost,7.648866975800746,0.99914089424651,0,2.49366542053388,-2425.765636789358,-6.907755278982137
23,human_full25k,combined,nocost,7.290994443045767,0.99914089424651,0,2.49366542053388,-2426.4215908241767,-6.907755278982137
24,human_full25k,combined,nocost,6.9698320535574245,0.99914089424651,0,2.49366542053388,-2427.7661883300148,-6.907755278982137
25,human_full25k,combined,nocost,6.9698320535574245,0.99914089424651,0,2.5613904409527004,-2417.369044659881,-5.809142990314028
26,human_full25k,combined,nocost,7.450193937743547,0.99914089424651,0,2.5613904409527004,-2416.08141249173,-5.521460917862246
27,human_full25k,combined,nocost,7.502632135850551,0.99914089424651,0,2.5613904409527004,-2416.036696428952,-6.907755278982137
28,human_full25k,combined,nocost,8.276476203425476,0.99914089424651,0,2.5613904409527004,-2417.2164601476784,-6.214608098422191
29,human_full25k,combined,nocost,7.523258107976535,0.99914089424651,0,2.5613904409527004,-2416.0238920880424,-6.214608098422191
30,human_full25k,combined,nocost,7.523258107976535,0.99914089424651,0,2.610281365135202,-2409.440441979991,-6.907755278982137
31,human_full25k,combined,nocost,7.793741948074951,0.99914089424651,0,2.610281365135202,-2409.691123108881,-5.521460917862246
32,human_full25k,combined,nocost,7.793741948074951,0.99914089424651,0,2.6128427239612204,-2409.3682419282954,-6.214608098422191
33,human_full25k,combined,nocost,7.710095578756078,0.99914089424651,0,2.6128427239612204,-2409.242119170859,-6.214608098422191
34,human_full25k,combined,nocost,7.710095578756078,0.99914089424651,0,2.6283614538393696,-2407.2949499169476,-6.907755278982137
35,human_full25k,combined,nocost,7.710095578756078,0.99914089424651,0,2.693255378140888,-2399.645690260372,-6.907755278982137
36,human_full25k,combined,nocost,6.977729111278498,0.99914089424651,0,2.693255378140888,-2399.6027823307804,-5.809142990314028
37,human_full25k,combined,nocost,7.100638987611637,0.99914089424651,0,2.693255378140888,-2399.3533799862407,-6.214608098422191
38,human_full25k,combined,nocost,7.100638987611637,0.99914089424651,0,2.732258574305232,-2394.802463947866,-5.809142990314028
39,human_full25k,combined,nocost,7.100638987611637,0.99914089424651,0,2.8160967991611856,-2385.9682424449134,-5.809142990314028
40,human_full25k,combined,nocost,7.100638987611637,0.982870020594231,0,2.8160967991611856,-2387.472765095569,-5.809142990314028
41,human_full25k,combined,nocost,7.100638987611637,0.982870020594231,0,2.850122635669861,-2384.1261556902436,-5.298317366548036
42,human_full25k,combined,nocost,7.100638987611637,0.9981220828308817,0,2.850122635669861,-2382.8299033074863,-6.214608098422191
43,human_full25k,combined,nocost,7.100638987611637,0.9981220828308817,0,2.9162555889450057,-2377.144704229906,-5.809142990314028
44,human_full25k,combined,nocost,7.0944836835807745,0.9981220828308817,0,2.9162555889450057,-2377.134944826801,-6.907755278982137
45,human_full25k,combined,nocost,6.946112197504812,0.9981220828308817,0,2.9162555889450057,-2376.9813250819307,-5.809142990314028
46,human_full25k,combined,nocost,6.840979573206967,0.9981220828308817,0,2.9162555889450057,-2376.9710404095435,-5.809142990314028
47,human_full25k,combined,nocost,6.840979573206967,0.9981220828308817,0,2.9182185324027046,-2376.80665145136,-5.809142990314028
48,human_full25k,combined,nocost,6.8355309434078055,0.9981220828308817,0,2.9182185324027046,-2376.8082736907095,-6.214608098422191
49,human_full25k,combined,nocost,6.8355309434078055,0.9981220828308817,0,2.9748142596862572,-2372.3531130971046,-6.907755278982137
50,human_full25k,combined,nocost,7.006363769802681,0.9981220828308817,0,2.9748142596862572,-2372.551469506179,-6.907755278982137
51,human_full25k,combined,nocost,7.006363769802681,0.9981220828308817,0,3.065593059736911,-2366.778149895458,-6.214608098422191
52,human_full25k,combined,nocost,7.006363769802681,0.9981220828308817,0,3.147062497225495,-2362.7640734888128,-6.907755278982137
53,human_full25k,combined,nocost,6.80337488779256,0.9981220828308817,0,3.147062497225495,-2362.0478289799807,-5.809142990314028
54,human_full25k,combined,nocost,6.80337488779256,0.9981220828308817,0,3.223172887267988,-2359.0445979326746,-6.907755278982137
55,human_full25k,combined,nocost,6.80337488779256,0.9981220828308817,0,3.2278997601741803,-2358.8882130842944,-5.809142990314028
56,human_full25k,combined,nocost,6.2735980121456585,0.9981220828308817,0,3.2278997601741803,-2357.881037310313,-5.115995809754082
57,human_full25k,combined,nocost,6.2735980121456585,0.9767054397252386,0,3.2278997601741803,-2358.565484102204,-6.907755278982137
58,human_full25k,combined,nocost,6.2735980121456585,0.9814211850002972,0,3.2278997601741803,-2358.3963415875896,-6.214608098422191
59,human_full25k,combined,nocost,6.4000880506132845,0.9814211850002972,0,3.2278997601741803,-2358.333411934565,-6.907755278982137
60,human_full25k,combined,nocost,5.995131917899807,0.9814211850002972,0,3.2278997601741803,-2359.0625997651337,-6.907755278982137
61,human_full25k,combined,nocost,5.995131917899807,0.9814211850002972,0,3.323723944568435,-2355.087275108961,-6.214608098422191
62,human_full25k,combined,nocost,5.995131917899807,0.9814211850002972,0,3.3348146402466368,-2354.7182386210225,-6.907755278982137
63,human_full25k,combined,nocost,5.995131917899807,0.9814211850002972,0,3.400044098337323,-2352.921011011542,-6.214608098422191
64,human_full25k,combined,nocost,6.041552234200486,0.9814211850002972,0,3.400044098337323,-2352.8856965244045,-5.809142990314028
65,human_full25k,combined,nocost,6.279077970538027,0.9814211850002972,0,3.400044098337323,-2353.015551382312,-6.214608098422191
66,human_full25k,combined,nocost,5.480219660610798,0.9814211850002972,0,3.400044098337323,-2354.828503880164,-6.214608098422191
67,human_full25k,combined,nocost,5.857409509314657,0.9814211850002972,0,3.400044098337323,-2353.1506250791135,-6.907755278982137
68,human_full25k,combined,nocost,5.857409509314657,0.9814211850002972,0,3.487311520868086,-2351.526653526025,-5.809142990314028
69,human_full25k,combined,nocost,5.857409509314657,0.9905575411499861,0,3.487311520868086,-2351.5979393229477,-6.907755278982137
70,human_full25k,combined,nocost,5.857409509314657,0.9905575411499861,0,3.421296606802621,-2352.5871140613176,-6.214608098422191
71,human_full25k,combined,nocost,5.857409509314657,0.986425412647972,0,3.421296606802621,-2352.612338946953,-6.907755278982137
72,human_full25k,combined,nocost,5.855310044141795,0.986425412647972,0,3.421296606802621,-2352.6160846154426,-6.907755278982137
73,human_full25k,combined,nocost,5.855310044141795,0.9831422761538895,0,3.421296606802621,-2352.642056591474,-6.214608098422191
74,human_full25k,combined,nocost,5.855310044141795,0.9831422761538895,0,3.382677956260314,-2353.5812163746523,-6.214608098422191
75,human_full25k,combined,nocost,5.855310044141795,0.9831422761538895,0,3.4583806752435415,-2351.9452471571003,-6.907755278982137
76,human_full25k,combined,nocost,5.855310044141795,0.9904514510891921,0,3.4583806752435415,-2351.9559779043047,-6.214608098422191
77,human_full25k,combined,nocost,5.855310044141795,0.921885113811041,0,3.4583806752435415,-2352.8424375868963,-6.214608098422191
78,human_full25k,combined,nocost,5.855310044141795,0.921885113811041,0,3.543702000093316,-2350.798775425441,-5.809142990314028
79,human_full25k,combined,nocost,5.855310044141795,0.921885113811041,0,3.5240719290569213,-2351.1790001722156,-6.214608098422191
80,human_full25k,combined,nocost,5.855310044141795,0.962148047395182,0,3.5240719290569213,-2350.986716844672,-6.907755278982137
81,human_full25k,combined,nocost,5.855310044141795,0.9832513980256736,0,3.5240719290569213,-2351.195066330264,-6.214608098422191
82,human_full25k,combined,nocost,5.855310044141795,0.9832513980256736,0,3.519633432355743,-2351.226618983309,-6.907755278982137
83,human_full25k,combined,nocost,5.855310044141795,0.9842858439922227,0,3.519633432355743,-2351.2411537240673,-6.907755278982137
84,human_full25k,combined,nocost,5.855310044141795,0.9842858439922227,0,3.5608251945727503,-2351.062853483545,-6.907755278982137
85,human_full25k,combined,nocost,5.855310044141795,0.9932664464582008,0,3.5608251945727503,-2351.2945264528507,-6.907755278982137
86,human_full25k,combined,nocost,5.855310044141795,0.9932664464582008,0,3.6106621280986806,-2351.490619097756,-6.907755278982137
87,human_full25k,combined,nocost,5.855310044141795,0.9984941767488809,0,3.6106621280986806,-2351.7023055556524,-6.907755278982137
88,human_full25k,combined,nocost,6.003020355061319,0.9984941767488809,0,3.6106621280986806,-2352.0817724178833,-6.907755278982137
89,human_full25k,combined,nocost,6.025424652716038,0.9984941767488809,0,3.6106621280986806,-2352.1561219350906,-6.907755278982137
90,human_full25k,combined,nocost,6.025424652716038,0.9250099526601915,0,3.6106621280986806,-2349.741161833117,-6.907755278982137
91,human_full25k,combined,nocost,6.025424652716038,0.8492922074394752,0,3.6106621280986806,-2350.1033321001146,-6.907755278982137
92,human_full25k,combined,nocost,6.025424652716038,0.9330699905160451,0,3.6106621280986806,-2349.876343336996,-5.115995809754082
93,human_full25k,combined,nocost,6.025424652716038,0.8689568945468725,0,3.6106621280986806,-2349.720309404293,-6.214608098422191
94,human_full25k,combined,nocost,6.025424652716038,0.9067923513337506,0,3.6106621280986806,-2349.556697006599,-6.214608098422191
95,human_full25k,combined,nocost,6.025424652716038,0.9055723251915697,0,3.6106621280986806,-2349.5503908820633,-6.907755278982137
96,human_full25k,combined,nocost,6.025424652716038,0.9055723251915697,0,3.6651043793360207,-2349.1857845563927,-6.907755278982137
97,human_full25k,combined,nocost,6.025424652716038,0.9055723251915697,0,3.6441416420724897,-2349.280314165778,-6.907755278982137
98,human_full25k,combined,nocost,6.025424652716038,0.8953298409773311,0,3.6441416420724897,-2349.179344349397,-6.214608098422191
99,human_full25k,combined,nocost,6.025424652716038,0.8953298409773311,0,3.5833782463774955,-2349.921186622282,-6.907755278982137
100,human_full25k,combined,nocost,6.025424652716038,0.8953298409773311,0,3.680211872191638,-2348.9676014681577,-6.214608098422191
101,human_full25k,combined,nocost,6.025424652716038,0.8953298409773311,0,3.6627141400484486,-2349.049307549097,-6.907755278982137
102,human_full25k,combined,nocost,6.496905831383294,0.8953298409773311,0,3.6627141400484486,-2349.478156281016,-6.907755278982137
103,human_full25k,combined,nocost,6.496905831383294,0.8953298409773311,0,3.667941078701417,-2349.4796763963486,-6.907755278982137
104,human_full25k,combined,nocost,6.496905831383294,0.8271947307729781,0,3.667941078701417,-2348.405929094665,-6.214608098422191
105,human_full25k,combined,nocost,6.496905831383294,0.8271947307729781,0,3.731233514196713,-2347.689427666862,-6.214608098422191
106,human_full25k,combined,nocost,6.496905831383294,0.7902659509641434,0,3.731233514196713,-2347.6872086375784,-6.214608098422191
107,human_full25k,combined,nocost,6.496905831383294,0.8214339317882182,0,3.731233514196713,-2347.6357381116977,-6.214608098422191
108,human_full25k,combined,nocost,6.496905831383294,0.8214339317882182,0,3.812635850673578,-2347.3290031440292,-6.214608098422191
109,human_full25k,combined,nocost,6.496905831383294,0.8650676908728989,0,3.812635850673578,-2349.0400252755335,-6.907755278982137
110,human_full25k,combined,nocost,6.496905831383294,0.8650676908728989,0,3.732475815487831,-2348.5234729001386,-6.214608098422191
111,human_full25k,combined,nocost,6.496905831383294,0.8650676908728989,0,3.76018179817087,-2348.6143220485537,-6.214608098422191
112,human_full25k,combined,nocost,6.496905831383294,0.8718550176393796,0,3.76018179817087,-2348.8957674872204,-6.907755278982137
113,human_full25k,combined,nocost,6.496905831383294,0.8709413671887702,0,3.76018179817087,-2348.85637143675,-6.907755278982137
114,human_full25k,combined,nocost,6.496905831383294,0.8709413671887702,0,3.72528365651264,-2348.709460745058,-6.907755278982137
115,human_full25k,combined,nocost,5.888054141900503,0.8709413671887702,0,3.72528365651264,-2348.729584692472,-6.907755278982137
116,human_full25k,combined,nocost,5.888054141900503,0.8709413671887702,0,3.780366685527724,-2348.637473512195,-6.907755278982137
117,human_full25k,combined,nocost,5.888054141900503,0.8709413671887702,0,3.716975596920481,-2348.7764570650556,-6.907755278982137
118,human_full25k,combined,nocost,5.888054141900503,0.8709413671887702,0,3.775008921402291,-2348.6299006022987,-5.115995809754082
119,human_full25k,combined,nocost,5.436251827573182,0.8709413671887702,0,3.775008921402291,-2350.4202238989055,-6.907755278982137
120,human_full25k,combined,nocost,5.436251827573182,0.8709413671887702,0,3.8307012114914802,-2350.32443374059,-6.907755278982137
121,human_full25k,combined,nocost,5.436251827573182,0.8486849473289855,0,3.8307012114914802,-2350.2762622644104,-6.907755278982137
122,human_full25k,combined,nocost,5.436251827573182,0.8486849473289855,0,3.749474996925089,-2350.935216877343,-6.907755278982137
123,human_full25k,combined,nocost,5.436251827573182,0.8486849473289855,0,3.8181011396464033,-2350.3249865230987,-6.907755278982137
124,human_full25k,combined,nocost,5.436251827573182,0.8486849473289855,0,3.76605534573843,-2350.7339016764954,-6.907755278982137
125,human_full25k,combined,nocost,5.436251827573182,0.8782299077083422,0,3.76605534573843,-2350.4394703186663,-5.809142990314028
126,human_full25k,combined,nocost,5.436251827573182,0.8782299077083422,0,3.7717559419739506,-2350.4145842920057,-6.907755278982137
127,human_full25k,combined,nocost,5.686756184592879,0.8782299077083422,0,3.7717559419739506,-2349.2581018640235,-6.907755278982137
128,human_full25k,combined,nocost,5.686756184592879,0.8782299077083422,0,3.8334787693815215,-2349.469821520938,-6.907755278982137
129,human_full25k,combined,nocost,5.686756184592879,0.8312581508073313,0,3.8334787693815215,-2348.89302093382,-6.907755278982137
130,human_full25k,combined,nocost,5.686756184592879,0.8294665328096527,0,3.8334787693815215,-2348.8941517106387,-6.214608098422191
131,human_full25k,combined,nocost,5.686756184592879,0.7334555982653825,0,3.8334787693815215,-2351.5539221035583,-6.907755278982137
132,human_full25k,combined,nocost,5.686756184592879,0.7334555982653825,0,3.9030096635513534,-2350.1484273911774,-6.907755278982137
133,human_full25k,combined,nocost,5.686756184592879,0.8250354977285228,0,3.9030096635513534,-2348.8792167414426,-6.907755278982137
134,human_full25k,combined,nocost,5.686756184592879,0.8250354977285228,0,3.899541999238516,-2348.866903325016,-6.907755278982137
135,human_full25k,combined,nocost,5.686756184592879,0.7601133650047562,0,3.899541999238516,-2349.322038489131,-6.907755278982137
136,human_full25k,combined,nocost,5.686756184592879,0.7601133650047562,0,3.9991815910916353,-2348.8211344682377,-6.907755278982137
137,human_full25k,combined,nocost,5.686756184592879,0.7751021748185548,0,3.9991815910916353,-2348.828954036865,-6.214608098422191
138,human_full25k,combined,nocost,5.686756184592879,0.7751021748185548,0,3.9433173732152493,-2348.7878391620943,-6.907755278982137
139,human_full25k,combined,nocost,5.686756184592879,0.8420506666692908,0,3.9433173732152493,-2349.5533222376616,-5.809142990314028
140,human_full25k,combined,nocost,5.686756184592879,0.8452004372303288,0,3.9433173732152493,-2349.649657202886,-6.214608098422191
141,human_full25k,combined,nocost,5.705506123693228,0.8452004372303288,0,3.9433173732152493,-2349.599747764,-6.907755278982137
142,human_full25k,combined,nocost,5.705506123693228,0.8452004372303288,0,3.871933829287596,-2348.9614127475934,-6.214608098422191
143,human_full25k,combined,nocost,5.705506123693228,0.8452004372303288,0,3.8176851329964476,-2348.8795684287484,-5.809142990314028
144,human_full25k,combined,nocost,5.705506123693228,0.8138730727671984,0,3.8176851329964476,-2348.9953303154352,-6.214608098422191
145,human_full25k,combined,nocost,5.705506123693228,0.776683637224951,0,3.8176851329964476,-2349.8299677373857,-6.907755278982137
146,human_full25k,combined,nocost,5.539985095647454,0.776683637224951,0,3.8176851329964476,-2351.15780122986,-6.214608098422191
147,human_full25k,combined,nocost,5.856372930647862,0.776683637224951,0,3.8176851329964476,-2348.8410334419527,-6.907755278982137
148,human_full25k,combined,nocost,5.856372930647862,0.7838411452448772,0,3.8176851329964476,-2348.666262816098,-6.907755278982137
149,human_full25k,combined,nocost,5.856372930647862,0.7838411452448772,0,3.903066341642007,-2347.952851776186,-5.809142990314028
150,human_full25k,combined,nocost,5.856372930647862,0.7314051888869741,0,3.903066341642007,-2348.9472149968797,-5.809142990314028
151,human_full25k,combined,nocost,5.856372930647862,0.7845502694811963,0,3.903066341642007,-2347.9504664023393,-6.907755278982137
152,human_full25k,combined,nocost,5.856372930647862,0.7845502694811963,0,3.9880863568401668,-2348.097551411266,-5.809142990314028
153,human_full25k,combined,nocost,5.6710143000831215,0.7845502694811963,0,3.9880863568401668,-2348.922373662359,-6.907755278982137
154,human_full25k,combined,nocost,5.6710143000831215,0.7845502694811963,0,4.026533059267242,-2349.1792731158553,-6.907755278982137
155,human_full25k,combined,nocost,5.6710143000831215,0.7845502694811963,0,3.95884737633885,-2348.8385982348286,-6.907755278982137
156,human_full25k,combined,nocost,5.6710143000831215,0.7845502694811963,0,3.942804388027075,-2348.8341116208435,-6.214608098422191
157,human_full25k,combined,nocost,5.6710143000831215,0.7845502694811963,0,3.9009166358151255,-2348.9627330766248,-6.907755278982137
158,human_full25k,combined,nocost,5.904214800692105,0.7845502694811963,0,3.9009166358151255,-2347.7455861787985,-6.907755278982137
159,human_full25k,combined,nocost,5.904214800692105,0.7845502694811963,0,3.901746819284587,-2347.7432241803663,-6.907755278982137
160,human_full25k,combined,nocost,5.743612779046604,0.7845502694811963,0,3.901746819284587,-2348.529551066006,-6.907755278982137
161,human_full25k,combined,nocost,5.513124871593022,0.7845502694811963,0,3.901746819284587,-2350.056725059022,-6.907755278982137
162,human_full25k,combined,nocost,5.513124871593022,0.7845502694811963,0,3.8023155721535726,-2351.375432585271,-6.214608098422191
163,human_full25k,combined,nocost,5.914156700211622,0.7845502694811963,0,3.8023155721535726,-2348.5528286841122,-6.907755278982137
164,human_full25k,combined,nocost,5.914156700211622,0.7550072488666667,0,3.8023155721535726,-2349.4823609967098,-6.907755278982137
165,human_full25k,combined,nocost,5.914156700211622,0.7550072488666667,0,3.8872897302898273,-2348.129504123083,-6.214608098422191
166,human_full25k,combined,nocost,5.914156700211622,0.7714854610107313,0,3.8872897302898273,-2347.855998563807,-6.907755278982137
167,human_full25k,combined,nocost,6.642149074958636,0.7714854610107313,0,3.8872897302898273,-2346.291189514962,-6.907755278982137
168,human_full25k,combined,nocost,6.642149074958636,0.7714854610107313,0,3.9712228125711166,-2346.653689174706,-6.907755278982137
169,human_full25k,combined,nocost,6.642149074958636,0.6965429746672841,0,3.9712228125711166,-2345.59652679284,-6.907755278982137
170,human_full25k,combined,nocost,6.815608643466057,0.6965429746672841,0,3.9712228125711166,-2345.325391784802,-6.907755278982137
171,human_full25k,combined,nocost,6.815608643466057,0.6965429746672841,0,3.9801127524240405,-2345.2684848076424,-5.809142990314028
172,human_full25k,combined,nocost,6.825185561680758,0.6965429746672841,0,3.9801127524240405,-2345.2591381905595,-5.115995809754082
173,human_full25k,combined,nocost,6.825185561680758,0.7390801197328433,0,3.9801127524240405,-2345.8008235982506,-6.907755278982137
174,human_full25k,combined,nocost,6.295745432780297,0.7390801197328433,0,3.9801127524240405,-2346.2346507447137,-6.214608098422191
175,human_full25k,combined,nocost,6.46351048951976,0.7390801197328433,0,3.9801127524240405,-2345.9080811794433,-6.907755278982137
176,human_full25k,combined,nocost,6.46351048951976,0.7390801197328433,0,4.017632050782792,-2346.02799803854,-5.298317366548036
177,human_full25k,combined,nocost,6.46351048951976,0.7390801197328433,0,3.975117503555012,-2345.9037840635874,-6.907755278982137
178,human_full25k,combined,nocost,6.46351048951976,0.6824163638395119,0,3.975117503555012,-2346.3396002772447,-6.907755278982137
179,human_full25k,combined,nocost,6.156260323211033,0.6824163638395119,0,3.975117503555012,-2347.7872698237034,-5.809142990314028
180,human_full25k,combined,nocost,6.156260323211033,0.7797207806034425,0,3.975117503555012,-2347.102609089615,-6.907755278982137
181,human_full25k,combined,nocost,6.687212049165708,0.7797207806034425,0,3.975117503555012,-2347.1060455523893,-6.907755278982137
182,human_full25k,combined,nocost,6.687212049165708,0.7797207806034425,0,3.9775924248195906,-2347.135252992056,-6.907755278982137
183,human_full25k,combined,nocost,6.080658958080924,0.7797207806034425,0,3.9775924248195906,-2347.27286129316,-6.907755278982137
184,human_full25k,combined,nocost,6.3853408771024895,0.7797207806034425,0,3.9775924248195906,-2346.9027244919375,-6.214608098422191
185,human_full25k,combined,nocost,6.089549746307075,0.7797207806034425,0,3.9775924248195906,-2347.252771898439,-5.809142990314028
186,human_full25k,combined,nocost,6.089549746307075,0.8146289439043565,0,3.9775924248195906,-2348.342758606419,-6.907755278982137
187,human_full25k,combined,nocost,6.459683488600682,0.8146289439043565,0,3.9775924248195906,-2348.5848982225866,-5.809142990314028
188,human_full25k,combined,nocost,6.459683488600682,0.8146289439043565,0,3.8840978295563664,-2347.3872488382717,-6.907755278982137
189,human_full25k,combined,nocost,6.459683488600682,0.803304659108582,0,3.8840978295563664,-2347.0040565114587,-6.214608098422191
190,human_full25k,combined,nocost,6.027344258950926,0.803304659108582,0,3.8840978295563664,-2347.4343869113886,-6.907755278982137
191,human_full25k,combined,nocost,6.027344258950926,0.803304659108582,0,3.954016271679086,-2347.7612080209565,-6.907755278982137
192,human_full25k,combined,nocost,6.027344258950926,0.803304659108582,0,3.988183120079488,-2348.123021322406,-6.214608098422191
193,human_full25k,combined,nocost,6.027344258950926,0.803304659108582,0,3.971286337039426,-2347.9277373842983,-6.907755278982137
194,human_full25k,combined,nocost,6.027344258950926,0.803304659108582,0,3.9688791453241796,-2347.9025143128347,-6.907755278982137
195,human_full25k,combined,nocost,6.027344258950926,0.803304659108582,0,3.920767800219428,-2347.535762089812,-6.214608098422191
196,human_full25k,combined,nocost,5.733752880419829,0.803304659108582,0,3.920767800219428,-2348.527902125278,-6.907755278982137
197,human_full25k,combined,nocost,5.733752880419829,0.7825963033410168,0,3.920767800219428,-2348.5272609401304,-6.214608098422191
198,human_full25k,combined,nocost,5.733752880419829,0.8177461507353733,0,3.920767800219428,-2348.670393969705,-6.907755278982137
199,human_full25k,combined,nocost,5.9601302662804105,0.8177461507353733,0,3.920767800219428,-2347.995273225863,-6.907755278982137
200,human_full25k,combined,nocost,6.300162512920682,0.8177461507353733,0,3.920767800219428,-2347.7294463099206,-6.907755278982137
201,human_full25k,combined,nocost,6.300162512920682,0.8177461507353733,0,3.9483936098590684,-2348.073566155333,-6.907755278982137
202,human_full25k,combined,nocost,6.300162512920682,0.776193016747583,0,3.9483936098590684,-2346.657096380631,-6.907755278982137
203,human_full25k,combined,nocost,6.649932917592648,0.776193016747583,0,3.9483936098590684,-2346.6498708233594,-6.907755278982137
204,human_full25k,combined,nocost,6.649932917592648,0.6880898349020399,0,3.9483936098590684,-2345.9534555068076,-6.214608098422191
205,human_full25k,combined,nocost,6.649932917592648,0.6880898349020399,0,4.020601929841327,-2345.3383352621217,-6.907755278982137
206,human_full25k,combined,nocost,6.470493292611491,0.6880898349020399,0,4.020601929841327,-2345.7947473442114,-6.907755278982137
207,human_full25k,combined,nocost,6.470493292611491,0.6880898349020399,0,4.0352755186416935,-2345.7205268504313,-5.521460917862246
208,human_full25k,combined,nocost,6.470493292611491,0.6880898349020399,0,4.044455508286492,-2345.685934269144,-6.907755278982137
209,human_full25k,combined,nocost,6.470493292611491,0.6880898349020399,0,4.142663822600752,-2345.8762222135865,-6.214608098422191
210,human_full25k,combined,nocost,6.470493292611491,0.614019649752518,0,4.142663822600752,-2346.738804217087,-6.214608098422191
211,human_full25k,combined,nocost,6.303158655288662,0.614019649752518,0,4.142663822600752,-2347.659700640429,-5.521460917862246
212,human_full25k,combined,nocost,6.637248088105642,0.614019649752518,0,4.142663822600752,-2345.987628168314,-6.907755278982137
213,human_full25k,combined,nocost,6.637248088105642,0.6770481999717187,0,4.142663822600752,-2345.3929713515486,-6.907755278982137
214,human_full25k,combined,nocost,6.637248088105642,0.6323608912845051,0,4.142663822600752,-2345.5097599797396,-6.214608098422191
215,human_full25k,combined,nocost,6.637248088105642,0.6323608912845051,0,4.127967979319002,-2345.5835843318796,-6.907755278982137
216,human_full25k,combined,nocost,6.637248088105642,0.6323608912845051,0,4.172846200501668,-2345.427742061545,-5.809142990314028
217,human_full25k,combined,nocost,6.637248088105642,0.6255940566290625,0,4.172846200501668,-2345.52902801933,-6.907755278982137
218,human_full25k,combined,nocost,6.945234647478795,0.6255940566290625,0,4.172846200501668,-2344.725811675482,-6.214608098422191
219,human_full25k,combined,nocost,6.945234647478795,0.5927822099952063,0,4.172846200501668,-2345.363105178972,-6.907755278982137
220,human_full25k,combined,nocost,6.945234647478795,0.5927822099952063,0,4.172913859345847,-2345.362543473259,-6.907755278982137
221,human_full25k,combined,nocost,6.945234647478795,0.6206936510595704,0,4.172913859345847,-2344.766676943112,-6.907755278982137
222,human_full25k,combined,nocost,7.331484452007976,0.6206936510595704,0,4.172913859345847,-2344.3641858692276,-5.521460917862246
223,human_full25k,combined,nocost,7.331484452007976,0.6284105669609283,0,4.172913859345847,-2344.4156969752053,-6.214608098422191
224,human_full25k,combined,nocost,6.501841542497516,0.6284105669609283,0,4.172913859345847,-2345.986972712209,-6.907755278982137
225,human_full25k,combined,nocost,6.501841542497516,0.6720292383647577,0,4.172913859345847,-2345.8012640985744,-6.907755278982137
226,human_full25k,combined,nocost,6.804151479480852,0.6720292383647577,0,4.172913859345847,-2345.312647905977,-5.809142990314028
227,human_full25k,combined,nocost,6.804151479480852,0.6720292383647577,0,4.084620616655222,-2344.942854670164,-6.907755278982137
228,human_full25k,combined,nocost,6.804151479480852,0.6720292383647577,0,4.020788250466456,-2345.182195669963,-6.214608098422191
229,human_full25k,combined,nocost,6.804151479480852,0.6720292383647577,0,4.089486198042594,-2344.9422660636355,-6.907755278982137
230,human_full25k,combined,nocost,7.786482800418232,0.6720292383647577,0,4.089486198042594,-2346.0273783676885,-6.214608098422191
231,human_full25k,combined,nocost,7.786482800418232,0.6720292383647577,0,4.1236363154188735,-2346.2767312669293,-6.907755278982137
232,human_full25k,combined,nocost,8.22725410843044,0.6720292383647577,0,4.1236363154188735,-2348.146025441479,-5.809142990314028
233,human_full25k,combined,nocost,7.607122762966733,0.6720292383647577,0,4.1236363154188735,-2345.7264424709374,-6.907755278982137
234,human_full25k,combined,nocost,7.5374746647006425,0.6720292383647577,0,4.1236363154188735,-2345.5480612438955,-6.214608098422191
235,human_full25k,combined,nocost,7.5374746647006425,0.6720292383647577,0,4.026757141284775,-2345.273300609721,-6.907755278982137
236,human_full25k,combined,nocost,7.99683436590143,0.6720292383647577,0,4.026757141284775,-2346.58113670559,-6.907755278982137
237,human_full25k,combined,nocost,7.410790993621725,0.6720292383647577,0,4.026757141284775,-2345.067301440597,-6.907755278982137
238,human_full25k,combined,nocost,6.790323822114396,0.6720292383647577,0,4.026757141284775,-2345.165374923723,-6.907755278982137
239,human_full25k,combined,nocost,6.790323822114396,0.7469703452804813,0,4.026757141284775,-2346.375142554784,-6.214608098422191
240,human_full25k,combined,nocost,6.790323822114396,0.6678275585684197,0,4.026757141284775,-2345.214761181708,-6.907755278982137
241,human_full25k,combined,nocost,6.790323822114396,0.6678275585684197,0,4.082684267251453,-2344.9590216506786,-6.907755278982137
242,human_full25k,combined,nocost,6.790323822114396,0.6678275585684197,0,4.153036655974772,-2345.102348096425,-6.907755278982137
243,human_full25k,combined,nocost,6.790323822114396,0.6678275585684197,0,4.059975334245478,-2345.02284491479,-6.907755278982137
244,human_full25k,combined,nocost,6.790323822114396,0.6628957585761216,0,4.059975334245478,-2345.0601414576313,-6.907755278982137
245,human_full25k,combined,nocost,6.790323822114396,0.6628957585761216,0,4.035899208392314,-2345.214329717103,-6.214608098422191
246,human_full25k,combined,nocost,6.790323822114396,0.6628957585761216,0,4.121390954427299,-2344.9435490521973,-6.214608098422191
247,human_full25k,combined,nocost,6.790323822114396,0.7070362726858702,0,4.121390954427299,-2345.846421598933,-6.907755278982137
248,human_full25k,combined,nocost,6.790323822114396,0.7070362726858702,0,4.188271706262805,-2346.827826940622,-5.809142990314028
249,human_full25k,combined,nocost,6.790323822114396,0.6773574191694208,0,4.188271706262805,-2345.618276820593,-6.907755278982137
250,human_full25k,combined,nocost,6.790323822114396,0.6773574191694208,0,4.215966213848848,-2345.9707139460447,-6.907755278982137
251,human_full25k,combined,nocost,6.6208113430121145,0.6773574191694208,0,4.215966213848848,-2346.11452198933,-6.214608098422191
252,human_full25k,combined,nocost,6.6208113430121145,0.6773574191694208,0,4.133190268676754,-2345.376425132886,-5.809142990314028
253,human_full25k,combined,nocost,6.6208113430121145,0.6728718693162222,0,4.133190268676754,-2345.33395127034,-6.907755278982137
254,human_full25k,combined,nocost,6.6208113430121145,0.693662352611903,0,4.133190268676754,-2345.6510433523013,-6.907755278982137
255,human_full25k,combined,nocost,6.6208113430121145,0.693662352611903,0,4.1111364044037515,-2345.491719081627,-6.907755278982137
256,human_full25k,combined,nocost,6.6208113430121145,0.6213325292542246,0,4.1111364044037515,-2346.0953031748863,-6.907755278982137
257,human_full25k,combined,nocost,6.6208113430121145,0.6206895573676314,0,4.1111364044037515,-2346.1179716020524,-6.907755278982137
258,human_full25k,combined,nocost,7.459385786111508,0.6206895573676314,0,4.1111364044037515,-2344.54247727079,-6.907755278982137
259,human_full25k,combined,nocost,7.459385786111508,0.6206895573676314,0,4.0751926956148,-2344.814384132546,-6.907755278982137
260,human_full25k,combined,nocost,7.459385786111508,0.6206895573676314,0,3.9830928678080606,-2346.125619868315,-6.907755278982137
261,human_full25k,combined,nocost,7.254639525023943,0.6206895573676314,0,3.9830928678080606,-2346.329279665362,-6.907755278982137
262,human_full25k,combined,nocost,7.254639525023943,0.6206895573676314,0,4.038122416382451,-2345.379230018213,-6.907755278982137
263,human_full25k,combined,nocost,7.254639525023943,0.6206895573676314,0,4.062292486153487,-2345.063424743227,-6.214608098422191
264,human_full25k,combined,nocost,7.254639525023943,0.6206895573676314,0,4.042577662302545,-2345.316398254899,-5.809142990314028
265,human_full25k,combined,nocost,7.254639525023943,0.6928038056752471,0,4.042577662302545,-2345.2559955802117,-6.907755278982137
266,human_full25k,combined,nocost,7.254639525023943,0.6928038056752471,0,4.121061006111512,-2345.788001167954,-6.907755278982137
267,human_full25k,combined,nocost,6.937027022545172,0.6928038056752471,0,4.121061006111512,-2345.4053080990407,-6.214608098422191
268,human_full25k,combined,nocost,6.982504370872297,0.6928038056752471,0,4.121061006111512,-2345.429544022556,-6.907755278982137
269,human_full25k,combined,nocost,6.982504370872297,0.7073902733328871,0,4.121061006111512,-2345.9977592851296,-6.907755278982137
270,human_full25k,combined,nocost,6.982504370872297,0.6520067726720524,0,4.121061006111512,-2344.664604869534,-6.907755278982137
271,human_full25k,combined,nocost,6.982504370872297,0.6520067726720524,0,4.116756613272422,-2344.6658519461957,-6.907755278982137
272,human_full25k,combined,nocost,6.756939218997378,0.6520067726720524,0,4.116756613272422,-2345.013362665638,-6.907755278982137
273,human_full25k,combined,nocost,6.756939218997378,0.6607421875985009,0,4.116756613272422,-2344.9904796602104,-6.907755278982137
274,human_full25k,combined,nocost,6.756939218997378,0.6607421875985009,0,4.202453923221164,-2345.3771884227926,-6.907755278982137
275,human_full25k,combined,nocost,6.756939218997378,0.6884328303072856,0,4.202453923221164,-2346.206405402231,-5.809142990314028
276,human_full25k,combined,nocost,6.756939218997378,0.6884328303072856,0,4.168450843347547,-2345.7523541445958,-5.521460917862246
277,human_full25k,combined,nocost,7.340717437597502,0.6884328303072856,0,4.168450843347547,-2346.3701218515816,-6.907755278982137
278,human_full25k,combined,nocost,7.340717437597502,0.6884328303072856,0,4.141494681869607,-2346.0022150778714,-6.907755278982137
279,human_full25k,combined,nocost,7.340717437597502,0.6423444781072617,0,4.141494681869607,-2344.5321161707316,-6.214608098422191
280,human_full25k,combined,nocost,7.766521494249428,0.6423444781072617,0,4.141494681869607,-2345.1459319603937,-6.907755278982137
281,human_full25k,combined,nocost,7.688816299652423,0.6423444781072617,0,4.141494681869607,-2344.978175419627,-6.214608098422191
282,human_full25k,combined,nocost,7.688816299652423,0.6423444781072617,0,4.172419733981156,-2345.131240784769,-6.907755278982137
283,human_full25k,combined,nocost,7.688816299652423,0.6423444781072617,0,4.138498157799502,-2344.9683791518582,-6.907755278982137
284,human_full25k,combined,nocost,7.688816299652423,0.6423444781072617,0,4.225689943250081,-2345.6141063759264,-6.907755278982137
285,human_full25k,combined,nocost,7.0838349067320845,0.6423444781072617,0,4.225689943250081,-2344.9357848013574,-6.907755278982137
286,human_full25k,combined,nocost,8.01834112296341,0.6423444781072617,0,4.225689943250081,-2346.6069760904,-6.907755278982137
287,human_full25k,combined,nocost,8.01834112296341,0.572900399491603,0,4.225689943250081,-2344.590811396109,-6.907755278982137
288,human_full25k,combined,nocost,7.179454497107234,0.572900399491603,0,4.225689943250081,-2344.987306659358,-5.809142990314028
289,human_full25k,combined,nocost,7.179454497107234,0.642524699026907,0,4.225689943250081,-2344.9402670115896,-6.907755278982137
290,human_full25k,combined,nocost,6.505615986408652,0.642524699026907,0,4.225689943250081,-2345.917578102499,-6.214608098422191
291,human_full25k,combined,nocost,6.505615986408652,0.642524699026907,0,4.162647568985176,-2345.7638032119467,-6.214608098422191
292,human_full25k,combined,nocost,6.505615986408652,0.642524699026907,0,4.096925078857188,-2346.0373550768118,-6.907755278982137
293,human_full25k,combined,nocost,6.741688707368941,0.642524699026907,0,4.096925078857188,-2345.2417820944665,-6.214608098422191
294,human_full25k,combined,nocost,6.741688707368941,0.642524699026907,0,4.194526813102066,-2345.1361639418833,-6.214608098422191
295,human_full25k,combined,nocost,6.156365407336333,0.642524699026907,0,4.194526813102066,-2347.3643848048046,-6.907755278982137
296,human_full25k,combined,nocost,6.701444537107613,0.642524699026907,0,4.194526813102066,-2345.2259835969257,-6.214608098422191
297,human_full25k,combined,nocost,6.743944121718693,0.642524699026907,0,4.194526813102066,-2345.131389086906,-5.809142990314028
298,human_full25k,combined,nocost,7.132924293485013,0.642524699026907,0,4.194526813102066,-2344.6999470380783,-5.115995809754082
299,human_full25k,combined,nocost,7.132924293485013,0.642524699026907,0,4.291997072595143,-2345.7482249529953,-6.907755278982137
300,human_full25k,combined,nocost,7.398571619155403,0.642524699026907,0,4.291997072595143,-2345.9947537460425,-6.907755278982137
301,human_full25k,combined,nocost,7.398571619155403,0.5660373400002143,0,4.291997072595143,-2344.5293279268044,-6.907755278982137
302,human_full25k,combined,nocost,7.398571619155403,0.5660373400002143,0,4.348982345251732,-2344.6504966278453,-5.809142990314028
303,human_full25k,combined,nocost,7.398571619155403,0.5660373400002143,0,4.30143988610143,-2344.52823673124,-6.907755278982137
304,human_full25k,combined,nocost,8.008460179104826,0.5660373400002143,0,4.30143988610143,-2344.5406132850217,-6.907755278982137
305,human_full25k,combined,nocost,8.008460179104826,0.5660373400002143,0,4.303731528807023,-2344.546820800517,-6.907755278982137
306,human_full25k,combined,nocost,8.008460179104826,0.5660373400002143,0,4.2149878664495155,-2344.6679342355096,-6.907755278982137
307,human_full25k,combined,nocost,8.008460179104826,0.5660373400002143,0,4.2848103524556125,-2344.5102470585202,-6.907755278982137
308,human_full25k,combined,nocost,8.612436447603132,0.5660373400002143,0,4.2848103524556125,-2345.7734430876317,-6.907755278982137
309,human_full25k,combined,nocost,9.480363949497857,0.5660373400002143,0,4.2848103524556125,-2349.4215478369697,-6.907755278982137
310,human_full25k,combined,nocost,9.480363949497857,0.5382202419279049,0,4.2848103524556125,-2348.266910769998,-6.907755278982137
311,human_full25k,combined,nocost,9.480363949497857,0.5382202419279049,0,4.350137946363832,-2348.4141455923973,-6.907755278982137
312,human_full25k,combined,nocost,9.20533280956448,0.5382202419279049,0,4.350137946363832,-2347.2552432853768,-6.907755278982137
313,human_full25k,combined,nocost,9.20533280956448,0.5382202419279049,0,4.274707762036203,-2347.1791476969747,-6.907755278982137
314,human_full25k,combined,nocost,9.20533280956448,0.5382202419279049,0,4.302957151937015,-2347.147470834195,-6.214608098422191
315,human_full25k,combined,nocost,8.753199811829825,0.5382202419279049,0,4.302957151937015,-2345.71429494523,-6.214608098422191
316,human_full25k,combined,nocost,8.753199811829825,0.5382202419279049,0,4.336445535218168,-2345.72570413438,-6.214608098422191
317,human_full25k,combined,nocost,8.753199811829825,0.5382202419279049,0,4.341657337483625,-2345.736627619497,-6.907755278982137
318,human_full25k,combined,nocost,8.753199811829825,0.5382202419279049,0,4.405019202150983,-2346.063625707869,-6.214608098422191
319,human_full25k,combined,nocost,8.753199811829825,0.5382202419279049,0,4.402732211723887,-2346.0456400227495,-6.907755278982137
320,human_full25k,combined,nocost,8.748856845742454,0.5382202419279049,0,4.402732211723887,-2346.033261467982,-6.214608098422191
321,human_full25k,combined,nocost,8.748856845742454,0.4965352208840361,0,4.402732211723887,-2345.6490875255263,-6.907755278982137
322,human_full25k,combined,nocost,8.748856845742454,0.5185706445160132,0,4.402732211723887,-2345.630250934019,-6.214608098422191
323,human_full25k,combined,nocost,8.748856845742454,0.5185706445160132,0,4.348718081072809,-2345.582193981311,-6.907755278982137
324,human_full25k,combined,nocost,8.748856845742454,0.5185706445160132,0,4.347017202278497,-2345.5849277357242,-6.907755278982137
325,human_full25k,combined,nocost,8.748856845742454,0.5185706445160132,0,4.3881702560220495,-2345.5916947250153,-6.907755278982137
326,human_full25k,combined,nocost,8.748856845742454,0.5185706445160132,0,4.476203068032384,-2346.107857589244,-6.907755278982137
327,human_full25k,combined,nocost,8.748856845742454,0.5143581003533598,0,4.476203068032384,-2346.002721789264,-5.809142990314028
328,human_full25k,combined,nocost,8.748856845742454,0.5337470861188592,0,4.476203068032384,-2346.6368648227703,-6.214608098422191
329,human_full25k,combined,nocost,8.748856845742454,0.5337470861188592,0,4.443540029240789,-2346.2549265808384,-6.907755278982137
330,human_full25k,combined,nocost,8.897289101082732,0.5337470861188592,0,4.443540029240789,-2346.701667665401,-6.907755278982137
331,human_full25k,combined,nocost,8.897289101082732,0.5337470861188592,0,4.470653205114117,-2347.022845885882,-6.907755278982137
332,human_full25k,combined,nocost,8.897289101082732,0.5337470861188592,0,4.43990979351921,-2346.6634443105877,-4.961845129926823
333,human_full25k,combined,nocost,9.002825790410537,0.5337470861188592,0,4.43990979351921,-2347.015606657706,-6.214608098422191
334,human_full25k,combined,nocost,9.002825790410537,0.538748351289618,0,4.43990979351921,-2347.242044705027,-5.809142990314028
335,human_full25k,combined,nocost,9.002825790410537,0.538748351289618,0,4.39306521867761,-2346.7845672081767,-6.907755278982137
336,human_full25k,combined,nocost,9.002825790410537,0.538748351289618,0,4.455044776942229,-2347.430230999846,-6.907755278982137
337,human_full25k,combined,nocost,9.002825790410537,0.4548066546196847,0,4.455044776942229,-2346.8321128506823,-6.907755278982137
338,human_full25k,combined,nocost,8.036206389844049,0.4548066546196847,0,4.455044776942229,-2347.082071182758,-6.907755278982137
339,human_full25k,combined,nocost,7.568949804977351,0.4548066546196847,0,4.455044776942229,-2348.244092853687,-6.907755278982137
340,human_full25k,combined,nocost,7.568949804977351,0.4548066546196847,0,4.499808201248405,-2347.9128612990003,-6.907755278982137
341,human_full25k,combined,nocost,7.568949804977351,0.4674562414389557,0,4.499808201248405,-2347.1254582849974,-6.907755278982137
342,human_full25k,combined,nocost,7.568949804977351,0.5442117119857789,0,4.499808201248405,-2345.7592721807027,-6.907755278982137
343,human_full25k,combined,nocost,7.568949804977351,0.5442117119857789,0,4.453168899589092,-2345.1961880391164,-6.214608098422191
344,human_full25k,combined,nocost,7.721073731843587,0.5442117119857789,0,4.453168899589092,-2345.1376645825103,-6.907755278982137
345,human_full25k,combined,nocost,7.721073731843587,0.5442117119857789,0,4.498730229385071,-2345.7074424809416,-6.907755278982137
346,human_full25k,combined,nocost,7.721073731843587,0.4700637204112541,0,4.498730229385071,-2346.604872564005,-6.214608098422191
347,human_full25k,combined,nocost,7.378635009395195,0.4700637204112541,0,4.498730229385071,-2347.584061231321,-6.214608098422191
348,human_full25k,combined,nocost,7.378635009395195,0.4700637204112541,0,4.551868817357067,-2347.5626594830464,-6.907755278982137
349,human_full25k,combined,nocost,7.378635009395195,0.5601954622015735,0,4.551868817357067,-2347.24846523724,-6.907755278982137
350,human_full25k,combined,nocost,7.378635009395195,0.5601954622015735,0,4.48215945572163,-2345.958968380725,-6.907755278982137
351,human_full25k,combined,nocost,7.378635009395195,0.5578095821995417,0,4.48215945572163,-2345.9064720104084,-6.907755278982137
352,human_full25k,combined,nocost,8.216700315071364,0.5578095821995417,0,4.48215945572163,-2346.4883115420093,-6.907755278982137
353,human_full25k,combined,nocost,8.216700315071364,0.5578095821995417,0,4.446079057725822,-2345.911202221618,-5.809142990314028
354,human_full25k,combined,nocost,7.630928959658142,0.5578095821995417,0,4.446079057725822,-2345.29918673679,-5.298317366548036
355,human_full25k,combined,nocost,7.630928959658142,0.5118385407473036,0,4.446079057725822,-2345.291234710133,-6.214608098422191
356,human_full25k,combined,nocost,7.630928959658142,0.5573687015404095,0,4.446079057725822,-2345.28980644765,-6.907755278982137
357,human_full25k,combined,nocost,7.7601015026137965,0.5573687015404095,0,4.446079057725822,-2345.3182513715733,-6.907755278982137
358,human_full25k,combined,nocost,7.7601015026137965,0.5573687015404095,0,4.439724317841614,-2345.2378747099942,-6.214608098422191
359,human_full25k,combined,nocost,7.7601015026137965,0.5573687015404095,0,4.445060430038394,-2345.305127369528,-6.907755278982137
360,human_full25k,combined,nocost,7.84368970627277,0.5573687015404095,0,4.445060430038394,-2345.3559324413027,-6.907755278982137
361,human_full25k,combined,nocost,7.571427435639599,0.5573687015404095,0,4.445060430038394,-2345.285385109787,-6.214608098422191
362,human_full25k,combined,nocost,7.571427435639599,0.5573687015404095,0,4.401573201908317,-2344.838561163737,-6.907755278982137
363,human_full25k,combined,nocost,7.571427435639599,0.5573687015404095,0,4.37433372776354,-2344.6456839021516,-6.214608098422191
364,human_full25k,combined,nocost,7.571427435639599,0.5573687015404095,0,4.318130099963115,-2344.463395372442,-6.907755278982137
365,human_full25k,combined,nocost,7.571427435639599,0.5132465666115392,0,4.318130099963115,-2345.7735249377065,-6.214608098422191
366,human_full25k,combined,nocost,7.571427435639599,0.5404162488649471,0,4.318130099963115,-2344.7541493456306,-6.907755278982137
367,human_full25k,combined,nocost,7.219529808149735,0.5404162488649471,0,4.318130099963115,-2345.447587911134,-6.907755278982137
368,human_full25k,combined,nocost,7.219529808149735,0.5404162488649471,0,4.309134840504806,-2345.4917551342223,-6.907755278982137
369,human_full25k,combined,nocost,7.219529808149735,0.5979288178106742,0,4.309134840504806,-2344.7501983181646,-6.214608098422191
370,human_full25k,combined,nocost,7.219529808149735,0.5979288178106742,0,4.219801625165086,-2344.4663200607965,-6.907755278982137
371,human_full25k,combined,nocost,7.219529808149735,0.537007688492744,0,4.219801625165086,-2346.5548349780056,-6.907755278982137
372,human_full25k,combined,nocost,6.789314980009953,0.537007688492744,0,4.219801625165086,-2348.371466258845,-6.907755278982137
373,human_full25k,combined,nocost,6.789314980009953,0.584021891005753,0,4.219801625165086,-2345.839358419111,-6.907755278982137
374,human_full25k,combined,nocost,6.789314980009953,0.6094963651872625,0,4.219801625165086,-2345.2214245160762,-6.907755278982137
375,human_full25k,combined,nocost,6.789314980009953,0.6268338043456472,0,4.219801625165086,-2345.0937103563824,-6.907755278982137
376,human_full25k,combined,nocost,6.789314980009953,0.6268338043456472,0,4.189106391405749,-2345.0433380867503,-6.907755278982137
377,human_full25k,combined,nocost,6.789314980009953,0.6268338043456472,0,4.156709809371828,-2345.092984033112,-6.907755278982137
378,human_full25k,combined,nocost,6.789314980009953,0.6268338043456472,0,4.238772427369533,-2345.171684923044,-5.809142990314028
379,human_full25k,combined,nocost,7.35597293221854,0.6268338043456472,0,4.238772427369533,-2344.710206738807,-6.907755278982137
380,human_full25k,combined,nocost,7.315908889680418,0.6268338043456472,0,4.238772427369533,-2344.693863397159,-6.214608098422191
381,human_full25k,combined,nocost,7.315908889680418,0.6843377258330987,0,4.238772427369533,-2347.3128045704243,-6.907755278982137
382,human_full25k,combined,nocost,7.315908889680418,0.6843377258330987,0,4.237086585918059,-2347.277996293307,-6.214608098422191
383,human_full25k,combined,nocost,6.958245945367429,0.6843377258330987,0,4.237086585918059,-2346.6681212618623,-5.809142990314028
384,human_full25k,combined,nocost,6.20039312943416,0.6843377258330987,0,4.237086585918059,-2347.557867001037,-6.907755278982137
385,human_full25k,combined,nocost,6.20039312943416,0.6843377258330987,0,4.266031247087559,-2348.0026643279307,-6.214608098422191
386,human_full25k,combined,nocost,6.985911740484523,0.6843377258330987,0,4.266031247087559,-2347.279281867479,-6.907755278982137
387,human_full25k,combined,nocost,6.985911740484523,0.5958311947540302,0,4.266031247087559,-2344.89688738449,-6.214608098422191
388,human_full25k,combined,nocost,6.985911740484523,0.5958311947540302,0,4.346134949978698,-2345.349030832303,-5.809142990314028
389,human_full25k,combined,nocost,6.309092938079857,0.5958311947540302,0,4.346134949978698,-2347.7464329819873,-6.907755278982137
390,human_full25k,combined,nocost,6.309092938079857,0.62246047182192,0,4.346134949978698,-2347.643534485727,-6.907755278982137
391,human_full25k,combined,nocost,6.400692154043325,0.62246047182192,0,4.346134949978698,-2347.2619705970337,-5.809142990314028
392,human_full25k,combined,nocost,6.915306131530608,0.62246047182192,0,4.346134949978698,-2345.970667027191,-6.907755278982137
393,human_full25k,combined,nocost,6.915306131530608,0.62246047182192,0,4.352050984045063,-2346.061139217621,-6.907755278982137
394,human_full25k,combined,nocost,7.365364226942889,0.62246047182192,0,4.352050984045063,-2346.0061378346345,-6.907755278982137
395,human_full25k,combined,nocost,7.365364226942889,0.62246047182192,0,4.253412572415834,-2344.726078245853,-6.214608098422191
396,human_full25k,combined,nocost,7.365364226942889,0.62246047182192,0,4.253130797060583,-2344.7237392070483,-6.907755278982137
397,human_full25k,combined,nocost,6.674411411027517,0.62246047182192,0,4.253130797060583,-2345.5298752952453,-6.907755278982137
398,human_full25k,combined,nocost,6.660706696388326,0.62246047182192,0,4.253130797060583,-2345.5701023670636,-6.907755278982137
399,human_full25k,combined,nocost,6.660706696388326,0.62246047182192,0,4.225572341901648,-2345.475516212376,-5.809142990314028
400,human_full25k,combined,nocost,7.470726120816794,0.62246047182192,0,4.225572341901648,-2344.5890723515845,-6.907755278982137
401,human_full25k,combined,nocost,7.470726120816794,0.62246047182192,0,4.287038182898276,-2345.145566973459,-5.809142990314028
402,human_full25k,combined,nocost,7.3399668675425165,0.62246047182192,0,4.287038182898276,-2345.045985834378,-6.214608098422191
403,human_full25k,combined,nocost,7.385369806663584,0.62246047182192,0,4.287038182898276,-2345.0723500168533,-6.907755278982137
404,human_full25k,combined,nocost,7.244885593072809,0.62246047182192,0,4.287038182898276,-2345.019756518424,-6.907755278982137
405,human_full25k,combined,nocost,7.244885593072809,0.6114441217687079,0,4.287038182898276,-2344.7641631919414,-6.907755278982137
406,human_full25k,combined,nocost,6.368139579518074,0.6114441217687079,0,4.287038182898276,-2346.936788067461,-6.907755278982137
407,human_full25k,combined,nocost,6.368139579518074,0.6114441217687079,0,4.26474355822683,-2346.870884944904,-6.907755278982137
408,human_full25k,combined,nocost,6.368139579518074,0.6104408021726119,0,4.26474355822683,-2346.8889717688926,-6.214608098422191
409,human_full25k,combined,nocost,7.021217382185087,0.6104408021726119,0,4.26474355822683,-2344.8049175312353,-6.214608098422191
410,human_full25k,combined,nocost,6.537365448977292,0.6104408021726119,0,4.26474355822683,-2346.126571032771,-6.907755278982137
411,human_full25k,combined,nocost,6.537365448977292,0.6104408021726119,0,4.2567572686246535,-2346.108893957595,-6.907755278982137
412,human_full25k,combined,nocost,6.676292908080452,0.6104408021726119,0,4.2567572686246535,-2345.5975740900362,-6.907755278982137
413,human_full25k,combined,nocost,6.676292908080452,0.5940155340181822,0,4.2567572686246535,-2345.8547658897564,-6.907755278982137
414,human_full25k,combined,nocost,6.676292908080452,0.6595314199979818,0,4.2567572686246535,-2346.065728811327,-6.907755278982137
415,human_full25k,combined,nocost,6.783255507694923,0.6595314199979818,0,4.2567572686246535,-2345.9391680939357,-6.907755278982137
416,human_full25k,combined,nocost,6.506129670214046,0.6595314199979818,0,4.2567572686246535,-2346.3948934637124,-6.907755278982137
417,human_full25k,combined,nocost,6.506129670214046,0.6595314199979818,0,4.165417173450478,-2345.6732445027683,-6.214608098422191
418,human_full25k,combined,nocost,6.852258570081807,0.6595314199979818,0,4.165417173450478,-2344.97999981498,-6.907755278982137
419,human_full25k,combined,nocost,7.28285913000823,0.6595314199979818,0,4.165417173450478,-2344.9857546208164,-6.907755278982137
420,human_full25k,combined,nocost,7.28285913000823,0.6595314199979818,0,4.193061371790392,-2345.237995538076,-6.214608098422191
421,human_full25k,combined,nocost,7.254927067285374,0.6595314199979818,0,4.193061371790392,-2345.2068230033856,-6.214608098422191
422,human_full25k,combined,nocost,7.254927067285374,0.6595314199979818,0,4.111661520319741,-2344.6944988873583,-6.907755278982137
423,human_full25k,combined,nocost,7.721558679129162,0.6595314199979818,0,4.111661520319741,-2345.4670477880586,-5.809142990314028
424,human_full25k,combined,nocost,7.721558679129162,0.6595314199979818,0,4.057998210460429,-2345.3669606456506,-6.214608098422191
425,human_full25k,combined,nocost,7.721558679129162,0.6000243973721703,0,4.057998210460429,-2345.4642227620666,-6.907755278982137
426,human_full25k,combined,nocost,7.721558679129162,0.5743722301438519,0,4.057998210460429,-2346.420181507248,-6.214608098422191
427,human_full25k,combined,nocost,7.721558679129162,0.5743722301438519,0,4.091959238064992,-2345.7812349472406,-6.907755278982137
428,human_full25k,combined,nocost,7.721558679129162,0.5743722301438519,0,4.047639050614574,-2346.638756948149,-6.214608098422191
429,human_full25k,combined,nocost,8.463187575307575,0.5743722301438519,0,4.047639050614574,-2347.1741236096195,-6.907755278982137
430,human_full25k,combined,nocost,8.463187575307575,0.5806927998548614,0,4.047639050614574,-2347.024782950703,-6.214608098422191
431,human_full25k,combined,nocost,8.463187575307575,0.5806927998548614,0,4.049418119526105,-2346.994617162998,-6.214608098422191
432,human_full25k,combined,nocost,8.463187575307575,0.5785951531326045,0,4.049418119526105,-2347.0392694200186,-6.907755278982137
433,human_full25k,combined,nocost,8.463187575307575,0.5803018840550584,0,4.049418119526105,-2347.0026350870526,-6.907755278982137
434,human_full25k,combined,nocost,8.292198422795348,0.5803018840550584,0,4.049418119526105,-2346.674306720035,-5.809142990314028
435,human_full25k,combined,nocost,8.292198422795348,0.6454203052085905,0,4.049418119526105,-2346.8172976599026,-6.907755278982137
436,human_full25k,combined,nocost,8.292198422795348,0.6735490587431681,0,4.049418119526105,-2347.9878154770386,-6.907755278982137
437,human_full25k,combined,nocost,8.292198422795348,0.6735490587431681,0,4.0934444902971965,-2348.2765424136996,-6.214608098422191
438,human_full25k,combined,nocost,8.292198422795348,0.6735490587431681,0,4.053788110958138,-2348.007781965612,-5.521460917862246
439,human_full25k,combined,nocost,7.724022656531342,0.6735490587431681,0,4.053788110958138,-2345.7569267580457,-5.521460917862246
440,human_full25k,combined,nocost,7.724022656531342,0.594036952311385,0,4.053788110958138,-2345.7054722043886,-6.907755278982137
441,human_full25k,combined,nocost,7.724022656531342,0.594036952311385,0,4.152948265343993,-2344.5733251805013,-6.907755278982137
442,human_full25k,combined,nocost,7.724022656531342,0.594036952311385,0,4.246699413708183,-2344.4040320931417,-5.809142990314028
443,human_full25k,combined,nocost,7.724022656531342,0.594036952311385,0,4.278721614815389,-2344.5405964704773,-6.907755278982137
444,human_full25k,combined,nocost,7.724022656531342,0.594036952311385,0,4.26397589702224,-2344.465612296925,-6.907755278982137
445,human_full25k,combined,nocost,7.724022656531342,0.594036952311385,0,4.193793180517373,-2344.3939924899964,-6.907755278982137
446,human_full25k,combined,nocost,7.689805259805972,0.594036952311385,0,4.193793180517373,-2344.374159690848,-6.907755278982137
447,human_full25k,combined,nocost,7.98620624348921,0.594036952311385,0,4.193793180517373,-2344.6940489315402,-5.298317366548036
448,human_full25k,combined,nocost,7.98620624348921,0.594036952311385,0,4.243258058884337,-2344.74725753387,-6.907755278982137
449,human_full25k,combined,nocost,7.98620624348921,0.5976611623301005,0,4.243258058884337,-2344.826601666849,-6.907755278982137
450,human_full25k,combined,nocost,7.98620624348921,0.5173835736713659,0,4.243258058884337,-2345.862562970817,-6.214608098422191
451,human_full25k,combined,nocost,7.98620624348921,0.5337544155409765,0,4.243258058884337,-2345.1642441346107,-6.907755278982137
452,human_full25k,combined,nocost,8.98415678396852,0.5337544155409765,0,4.243258058884337,-2346.575799981947,-6.907755278982137
453,human_full25k,combined,nocost,8.487486116462758,0.5337544155409765,0,4.243258058884337,-2345.494660759314,-6.907755278982137
454,human_full25k,combined,nocost,8.325064415103677,0.5337544155409765,0,4.243258058884337,-2345.298462088373,-6.214608098422191
455,human_full25k,combined,nocost,8.325064415103677,0.5337544155409765,0,4.288212419768661,-2344.982814555153,-6.907755278982137
456,human_full25k,combined,nocost,8.325064415103677,0.4788888108140967,0,4.288212419768661,-2347.245194191983,-6.907755278982137
457,human_full25k,combined,nocost,8.325064415103677,0.4788888108140967,0,4.360423907653145,-2346.2396917385204,-6.907755278982137
458,human_full25k,combined,nocost,8.325064415103677,0.4788888108140967,0,4.377122532471504,-2346.0753968548324,-6.907755278982137
459,human_full25k,combined,nocost,8.325064415103677,0.4788888108140967,0,4.299206696459384,-2347.0608856062927,-6.907755278982137
460,human_full25k,combined,nocost,8.729287065956598,0.4788888108140967,0,4.299206696459384,-2347.0887405019384,-6.907755278982137
461,human_full25k,combined,nocost,8.729287065956598,0.4788888108140967,0,4.2216617114656065,-2348.541031320346,-6.214608098422191
462,human_full25k,combined,nocost,8.729287065956598,0.5273849639654066,0,4.2216617114656065,-2346.2483188623623,-6.907755278982137
463,human_full25k,combined,nocost,8.729287065956598,0.5927321136984977,0,4.2216617114656065,-2346.852180593831,-6.214608098422191
464,human_full25k,combined,nocost,8.729287065956598,0.5585603222855864,0,4.2216617114656065,-2346.025404506293,-6.907755278982137
465,human_full25k,combined,nocost,8.729287065956598,0.538147456651709,0,4.2216617114656065,-2346.0634898730923,-6.214608098422191
466,human_full25k,combined,nocost,8.729287065956598,0.538147456651709,0,4.174756231188098,-2346.583961851919,-6.907755278982137
467,human_full25k,combined,nocost,8.729287065956598,0.538147456651709,0,4.205113863494292,-2346.2230871699976,-6.907755278982137
468,human_full25k,combined,nocost,8.729287065956598,0.538147456651709,0,4.127573684803805,-2347.3219571458017,-6.907755278982137
469,human_full25k,combined,nocost,8.729287065956598,0.6088018943290084,0,4.127573684803805,-2347.320195358598,-6.907755278982137
470,human_full25k,combined,nocost,8.729287065956598,0.6088018943290084,0,4.151948753971078,-2347.315126981966,-6.907755278982137
471,human_full25k,combined,nocost,8.027706844027584,0.6088018943290084,0,4.151948753971078,-2345.003543865295,-6.214608098422191
472,human_full25k,combined,nocost,8.027706844027584,0.5682401443011655,0,4.151948753971078,-2345.1751545435795,-6.907755278982137
473,human_full25k,combined,nocost,7.747276609685761,0.5682401443011655,0,4.151948753971078,-2345.11209248272,-6.907755278982137
474,human_full25k,combined,nocost,7.747276609685761,0.6248785906504714,0,4.151948753971078,-2344.720882535771,-6.214608098422191
475,human_full25k,combined,nocost,7.747276609685761,0.6248785906504714,0,4.175416548430524,-2344.7642184814904,-6.214608098422191
476,human_full25k,combined,nocost,7.747276609685761,0.5678620119076339,0,4.175416548430524,-2344.860627339697,-6.907755278982137
477,human_full25k,combined,nocost,7.747276609685761,0.5678620119076339,0,4.136267819798065,-2345.3306854386583,-6.907755278982137
478,human_full25k,combined,nocost,7.747276609685761,0.5678620119076339,0,4.236071517296619,-2344.430561424046,-6.907755278982137
479,human_full25k,combined,nocost,7.747276609685761,0.5678620119076339,0,4.316513460869689,-2344.4058548666053,-5.809142990314028
480,human_full25k,combined,nocost,7.747276609685761,0.5678620119076339,0,4.27863432740737,-2344.3410831282936,-6.907755278982137
481,human_full25k,combined,nocost,7.283431377502449,0.5678620119076339,0,4.27863432740737,-2344.685266848956,-5.809142990314028
482,human_full25k,combined,nocost,7.6452044741087395,0.5678620119076339,0,4.27863432740737,-2344.342578893241,-6.214608098422191
483,human_full25k,combined,nocost,7.915499460667321,0.5678620119076339,0,4.27863432740737,-2344.4243166820033,-6.214608098422191
484,human_full25k,combined,nocost,7.946864794689544,0.5678620119076339,0,4.27863432740737,-2344.451280064115,-6.907755278982137
485,human_full25k,combined,nocost,8.445324616395311,0.5678620119076339,0,4.27863432740737,-2345.330313739257,-6.214608098422191
486,human_full25k,combined,nocost,8.445324616395311,0.5655509496334805,0,4.27863432740737,-2345.2855096823805,-6.907755278982137
487,human_full25k,combined,nocost,8.445324616395311,0.5655509496334805,0,4.23179318783151,-2345.3005575970024,-6.907755278982137
488,human_full25k,combined,nocost,9.089947515107603,0.5655509496334805,0,4.23179318783151,-2347.4090972977638,-6.907755278982137
489,human_full25k,combined,nocost,9.089947515107603,0.5655509496334805,0,4.25566069629738,-2347.4268722864854,-5.809142990314028
490,human_full25k,combined,nocost,9.089947515107603,0.5655509496334805,0,4.252023602467624,-2347.4207624150886,-5.521460917862246
491,human_full25k,combined,nocost,9.089947515107603,0.5655509496334805,0,4.250817228551884,-2347.4190051873293,-6.907755278982137
492,human_full25k,combined,nocost,9.089947515107603,0.5655509496334805,0,4.333353798618422,-2347.845084826103,-5.521460917862246
493,human_full25k,combined,nocost,9.089947515107603,0.5655509496334805,0,4.349950620197227,-2348.004626762629,-6.907755278982137
494,human_full25k,combined,nocost,9.089947515107603,0.5655509496334805,0,4.2906766772740905,-2347.547714125493,-5.521460917862246
495,human_full25k,combined,nocost,9.410776421245465,0.5655509496334805,0,4.2906766772740905,-2349.067626225193,-6.907755278982137
496,human_full25k,combined,nocost,9.410776421245465,0.5655509496334805,0,4.240868660606599,-2348.879665492747,-6.907755278982137
497,human_full25k,combined,nocost,9.21411885007578,0.5655509496334805,0,4.240868660606599,-2347.948534639028,-5.809142990314028
498,human_full25k,combined,nocost,9.21411885007578,0.5655509496334805,0,4.199019698302331,-2347.99310006815,-6.907755278982137
499,human_full25k,combined,nocost,8.952825814497972,0.5655509496334805,0,4.199019698302331,-2346.9410657807434,-6.214608098422191
500,human_full25k,combined,nocost,8.952825814497972,0.5655509496334805,0,4.102711851368117,-2347.7614567811984,-6.907755278982137
501,human_full25k,combined,nocost,8.952825814497972,0.5655509496334805,0,4.159525334794691,-2347.169142763414,-6.214608098422191
502,human_full25k,combined,nocost,9.413743170110388,0.5655509496334805,0,4.159525334794691,-2349.078955227382,-6.907755278982137
503,human_full25k,combined,nocost,9.413743170110388,0.5655509496334805,0,4.214616859901707,-2348.8864885480866,-6.214608098422191
504,human_full25k,combined,nocost,9.466620488897842,0.5655509496334805,0,4.214616859901707,-2349.148486454192,-6.907755278982137
505,human_full25k,combined,nocost,9.466620488897842,0.5269575613278699,0,4.214616859901707,-2348.4296554940747,-6.907755278982137
506,human_full25k,combined,nocost,9.52428489549228,0.5269575613278699,0,4.214616859901707,-2348.6492036383984,-6.907755278982137
507,human_full25k,combined,nocost,9.52428489549228,0.4715151747007385,0,4.214616859901707,-2350.242001951662,-6.907755278982137
508,human_full25k,combined,nocost,8.739465070751523,0.4715151747007385,0,4.214616859901707,-2349.278714812194,-6.214608098422191
509,human_full25k,combined,nocost,8.739465070751523,0.4907555588063412,0,4.214616859901707,-2347.903707552685,-6.214608098422191
510,human_full25k,combined,nocost,8.457397327418228,0.4907555588063412,0,4.214616859901707,-2347.797473796808,-6.214608098422191
511,human_full25k,combined,nocost,9.136903464305979,0.4907555588063412,0,4.214616859901707,-2348.425223853241,-6.214608098422191
512,human_full25k,combined,nocost,9.136903464305979,0.5299055729665113,0,4.214616859901707,-2347.295033461526,-6.214608098422191
513,human_full25k,combined,nocost,9.136903464305979,0.5811718944502042,0,4.214616859901707,-2348.1607531512486,-6.907755278982137
514,human_full25k,combined,nocost,9.025400078732593,0.5811718944502042,0,4.214616859901707,-2347.647078529398,-6.907755278982137
515,human_full25k,combined,nocost,9.025400078732593,0.5448881396989975,0,4.214616859901707,-2346.9018378413,-6.214608098422191
516,human_full25k,combined,nocost,9.025400078732593,0.5659444460986371,0,4.214616859901707,-2347.179175466194,-6.907755278982137
517,human_full25k,combined,nocost,9.025400078732593,0.5659444460986371,0,4.256394363211005,-2347.173431011599,-6.907755278982137
518,human_full25k,combined,nocost,8.775526793789123,0.5659444460986371,0,4.256394363211005,-2346.2377738040072,-5.298317366548036
519,human_full25k,combined,nocost,8.775526793789123,0.5659444460986371,0,4.259592312161111,-2346.241412478699,-6.214608098422191
520,human_full25k,combined,nocost,8.775526793789123,0.5659444460986371,0,4.283474760217313,-2346.2984811141237,-6.907755278982137
521,human_full25k,combined,nocost,8.775526793789123,0.5659444460986371,0,4.3415838068477495,-2346.6548030057174,-6.907755278982137
522,human_full25k,combined,nocost,8.775526793789123,0.5659444460986371,0,4.332919082525145,-2346.5823305612707,-6.907755278982137
523,human_full25k,combined,nocost,8.775526793789123,0.5113903400908805,0,4.332919082525145,-2345.730808156322,-6.214608098422191
524,human_full25k,combined,nocost,8.775526793789123,0.5113903400908805,0,4.333720490563961,-2345.7272143294285,-6.214608098422191
525,human_full25k,combined,nocost,8.775526793789123,0.5113903400908805,0,4.343349833776093,-2345.6885921815915,-6.907755278982137
526,human_full25k,combined,nocost,8.775526793789123,0.5113903400908805,0,4.298184866480832,-2345.942941787053,-6.907755278982137
527,human_full25k,combined,nocost,8.775526793789123,0.5566823703748678,0,4.298184866480832,-2346.082394146839,-6.907755278982137
528,human_full25k,combined,nocost,8.775526793789123,0.5566823703748678,0,4.2379021934637375,-2346.087382626517,-6.907755278982137
529,human_full25k,combined,nocost,8.775526793789123,0.5566823703748678,0,4.287502245661042,-2346.0588181182093,-6.907755278982137
530,human_full25k,combined,nocost,8.775526793789123,0.5188836951283525,0,4.287502245661042,-2345.892851121294,-6.214608098422191
531,human_full25k,combined,nocost,8.775526793789123,0.4963909179897321,0,4.287502245661042,-2346.480026386663,-6.907755278982137
532,human_full25k,combined,nocost,8.60522409042941,0.4963909179897321,0,4.287502245661042,-2346.305468556119,-6.214608098422191
533,human_full25k,combined,nocost,8.60522409042941,0.5588603359270488,0,4.287502245661042,-2345.5965846248155,-6.214608098422191
534,human_full25k,combined,nocost,8.60522409042941,0.5588603359270488,0,4.207538813113871,-2345.760833037675,-6.907755278982137
535,human_full25k,combined,nocost,8.60522409042941,0.5588603359270488,0,4.248481639245186,-2345.6018119789046,-6.214608098422191
536,human_full25k,combined,nocost,8.02112847003501,0.5588603359270488,0,4.248481639245186,-2344.587908078716,-6.907755278982137
537,human_full25k,combined,nocost,7.82002808438224,0.5588603359270488,0,4.248481639245186,-2344.5054916429094,-5.809142990314028
538,human_full25k,combined,nocost,7.82002808438224,0.6348602450575588,0,4.248481639245186,-2345.86384530255,-6.907755278982137
539,human_full25k,combined,nocost,7.82002808438224,0.6516889284262858,0,4.248481639245186,-2346.826947715716,-6.214608098422191
540,human_full25k,combined,nocost,7.171621071068876,0.6516889284262858,0,4.248481639245186,-2345.502623310097,-6.907755278982137
541,human_full25k,combined,nocost,7.87510767642242,0.6516889284262858,0,4.248481639245186,-2347.01672299566,-6.214608098422191
542,human_full25k,combined,nocost,7.87510767642242,0.6516889284262858,0,4.3065428733251085,-2348.1451770281105,-6.907755278982137
543,human_full25k,combined,nocost,7.87510767642242,0.6516889284262858,0,4.225496003507095,-2346.6567351779663,-6.907755278982137
544,human_full25k,combined,nocost,7.971153691443099,0.6516889284262858,0,4.225496003507095,-2347.004946906268,-6.907755278982137
545,human_full25k,combined,nocost,7.971153691443099,0.572259206230315,0,4.225496003507095,-2344.5435737396524,-5.298317366548036
546,human_full25k,combined,nocost,7.971153691443099,0.5601867817272366,0,4.225496003507095,-2344.6544102236,-6.214608098422191
547,human_full25k,combined,nocost,7.547943589789833,0.5601867817272366,0,4.225496003507095,-2344.7548140230087,-6.214608098422191
548,human_full25k,combined,nocost,7.547943589789833,0.5601867817272366,0,4.145708297484874,-2345.6814428424436,-5.809142990314028
549,human_full25k,combined,nocost,7.547943589789833,0.5453117131988693,0,4.145708297484874,-2346.471486909202,-5.809142990314028
550,human_full25k,combined,nocost,7.547943589789833,0.555388476774752,0,4.145708297484874,-2345.914774713888,-6.907755278982137
551,human_full25k,combined,nocost,7.547943589789833,0.5573527502967736,0,4.145708297484874,-2345.816790362459,-6.907755278982137
552,human_full25k,combined,nocost,8.240981289546383,0.5573527502967736,0,4.145708297484874,-2345.7150137705657,-6.907755278982137
553,human_full25k,combined,nocost,8.240981289546383,0.5937498491160229,0,4.145708297484874,-2345.3481634097643,-5.809142990314028
554,human_full25k,combined,nocost,7.360286932781769,0.5937498491160229,0,4.145708297484874,-2344.739226173021,-6.907755278982137
555,human_full25k,combined,nocost,7.360286932781769,0.5937498491160229,0,4.243619500952727,-2344.35226695347,-6.214608098422191
556,human_full25k,combined,nocost,7.360286932781769,0.6495972122148754,0,4.243619500952727,-2345.5429763045136,-6.907755278982137
557,human_full25k,combined,nocost,7.360286932781769,0.6495972122148754,0,4.22031569366762,-2345.254281049563,-6.907755278982137
558,human_full25k,combined,nocost,7.360286932781769,0.6495972122148754,0,4.217943905676659,-2345.2278388140257,-6.907755278982137
559,human_full25k,combined,nocost,7.61023891000616,0.6495972122148754,0,4.217943905676659,-2345.677022924747,-6.907755278982137
560,human_full25k,combined,nocost,7.61023891000616,0.6495972122148754,0,4.228010107980102,-2345.8047270411557,-6.214608098422191
561,human_full25k,combined,nocost,7.61023891000616,0.5572017063461521,0,4.228010107980102,-2344.759539169549,-6.907755278982137
562,human_full25k,combined,nocost,7.61023891000616,0.60319069558548,0,4.228010107980102,-2344.375005659942,-6.907755278982137
563,human_full25k,combined,nocost,7.61023891000616,0.60319069558548,0,4.321151191078838,-2345.0268839099795,-6.907755278982137
564,human_full25k,combined,nocost,7.61023891000616,0.60319069558548,0,4.2306480245173015,-2344.382093288523,-6.214608098422191
565,human_full25k,combined,nocost,7.499863694399112,0.60319069558548,0,4.2306480245173015,-2344.3327908671463,-6.907755278982137
566,human_full25k,combined,nocost,7.499863694399112,0.60319069558548,0,4.301275455959124,-2344.7373689267592,-6.907755278982137
567,human_full25k,combined,nocost,7.499863694399112,0.6256238514261225,0,4.301275455959124,-2345.490792154067,-6.214608098422191
568,human_full25k,combined,nocost,7.499863694399112,0.6256238514261225,0,4.23226622939193,-2344.7390191883173,-6.907755278982137
569,human_full25k,combined,nocost,7.361285760995857,0.6256238514261225,0,4.23226622939193,-2344.63632940416,-6.907755278982137
570,human_full25k,combined,nocost,7.125995779314307,0.6256238514261225,0,4.23226622939193,-2344.6552288410926,-5.809142990314028
571,human_full25k,combined,nocost,7.125995779314307,0.6256238514261225,0,4.243159724815635,-2344.7248320433478,-6.214608098422191
572,human_full25k,combined,nocost,7.125995779314307,0.6256238514261225,0,4.274160708106832,-2344.9858171746037,-6.907755278982137
573,human_full25k,combined,nocost,7.125995779314307,0.6138523039452815,0,4.274160708106832,-2344.7713157038547,-6.907755278982137
574,human_full25k,combined,nocost,7.168396407944032,0.6138523039452815,0,4.274160708106832,-2344.739582037476,-6.907755278982137
575,human_full25k,combined,nocost,7.168396407944032,0.6661382545143089,0,4.274160708106832,-2346.609700311841,-6.907755278982137
576,human_full25k,combined,nocost,7.168396407944032,0.6661382545143089,0,4.2074585382873835,-2345.5396875623733,-6.907755278982137
577,human_full25k,combined,nocost,7.424907186906717,0.6661382545143089,0,4.2074585382873835,-2345.9410266796385,-6.907755278982137
578,human_full25k,combined,nocost,7.21412327737913,0.6661382545143089,0,4.2074585382873835,-2345.5895443951918,-6.214608098422191
579,human_full25k,combined,nocost,7.915773929617286,0.6661382545143089,0,4.2074585382873835,-2347.475505040296,-6.214608098422191
580,human_full25k,combined,nocost,7.915773929617286,0.6661382545143089,0,4.210526543370215,-2347.526211293051,-6.907755278982137
581,human_full25k,combined,nocost,7.915773929617286,0.6661382545143089,0,4.294479296873277,-2349.255566034367,-6.214608098422191
582,human_full25k,combined,nocost,7.915773929617286,0.5837026591304754,0,4.294479296873277,-2344.655937543938,-6.907755278982137
583,human_full25k,combined,nocost,7.915773929617286,0.5837026591304754,0,4.311448221849633,-2344.765025673175,-6.907755278982137
584,human_full25k,combined,nocost,7.9001163085727875,0.5837026591304754,0,4.311448221849633,-2344.7425191043017,-6.907755278982137
585,human_full25k,combined,nocost,8.832418495573211,0.5837026591304754,0,4.311448221849633,-2347.4897083956375,-6.214608098422191
586,human_full25k,combined,nocost,8.832418495573211,0.5646857141757793,0,4.311448221849633,-2346.5911196299667,-5.809142990314028
587,human_full25k,combined,nocost,8.832418495573211,0.5646857141757793,0,4.237033930579731,-2346.4034039788316,-6.907755278982137
588,human_full25k,combined,nocost,8.832418495573211,0.5646857141757793,0,4.3208339765595465,-2346.650730616945,-6.214608098422191
589,human_full25k,combined,nocost,8.832418495573211,0.5282734431427549,0,4.3208339765595465,-2345.829879298119,-6.214608098422191
590,human_full25k,combined,nocost,8.832418495573211,0.506188998020052,0,4.3208339765595465,-2345.9807966276294,-6.907755278982137
591,human_full25k,combined,nocost,9.084203039485168,0.506188998020052,0,4.3208339765595465,-2346.5209229190273,-6.214608098422191
592,human_full25k,combined,nocost,9.408673959324295,0.506188998020052,0,4.3208339765595465,-2347.4508406189975,-6.214608098422191
593,human_full25k,combined,nocost,9.590901967327287,0.506188998020052,0,4.3208339765595465,-2348.0808099890332,-6.214608098422191
594,human_full25k,combined,nocost,9.590901967327287,0.5291278836958004,0,4.3208339765595465,-2348.490961577192,-6.214608098422191
595,human_full25k,combined,nocost,9.088995308718918,0.5291278836958004,0,4.3208339765595465,-2346.573357711097,-6.907755278982137
596,human_full25k,combined,nocost,9.088995308718918,0.5291278836958004,0,4.385214540815977,-2346.7165152655853,-6.907755278982137
597,human_full25k,combined,nocost,8.50521022165363,0.5291278836958004,0,4.385214540815977,-2345.1879281954452,-6.907755278982137
598,human_full25k,combined,nocost,8.50521022165363,0.5291278836958004,0,4.347714526984669,-2345.1218610617707,-6.214608098422191
599,human_full25k,combined,nocost,8.50521022165363,0.5291278836958004,0,4.375833038915566,-2345.159545433551,-6.907755278982137
600,human_full25k,combined,nocost,8.50521022165363,0.5291278836958004,0,4.321668157834243,-2345.1509194061127,-6.214608098422191
601,human_full25k,combined,nocost,8.15726266138681,0.5291278836958004,0,4.321668157834243,-2344.7773705426434,-6.907755278982137
602,human_full25k,combined,nocost,8.15726266138681,0.5291278836958004,0,4.286791519645675,-2344.9520874258696,-6.214608098422191
603,human_full25k,combined,nocost,8.765592377901132,0.5291278836958004,0,4.286791519645675,-2345.7778801161535,-6.907755278982137
604,human_full25k,combined,nocost,8.765592377901132,0.5291278836958004,0,4.375367840341146,-2345.717509560159,-6.907755278982137
605,human_full25k,combined,nocost,8.765592377901132,0.5291278836958004,0,4.3341738037229876,-2345.6570996844894,-6.907755278982137
606,human_full25k,combined,nocost,8.765592377901132,0.5291278836958004,0,4.296633279549761,-2345.73585922294,-6.214608098422191
607,human_full25k,combined,nocost,8.765592377901132,0.5291278836958004,0,4.303962153149062,-2345.710359189156,-6.214608098422191
608,human_full25k,combined,nocost,8.765592377901132,0.5291278836958004,0,4.397514408924372,-2345.8125948855845,-5.809142990314028
609,human_full25k,combined,nocost,8.790754709643588,0.5291278836958004,0,4.397514408924372,-2345.878311744964,-6.214608098422191
610,human_full25k,combined,nocost,8.790754709643588,0.5291278836958004,0,4.387573839632849,-2345.829562110434,-6.907755278982137
611,human_full25k,combined,nocost,8.790754709643588,0.5449685974235764,0,4.387573839632849,-2346.259448126687,-6.907755278982137
612,human_full25k,combined,nocost,8.36512522087553,0.5449685974235764,0,4.387573839632849,-2345.181102750962,-6.907755278982137
613,human_full25k,combined,nocost,7.429003367770042,0.5449685974235764,0,4.387573839632849,-2344.888166349123,-6.907755278982137
614,human_full25k,combined,nocost,8.24383132728184,0.5449685974235764,0,4.387573839632849,-2344.973545075834,-6.907755278982137
615,human_full25k,combined,nocost,8.24383132728184,0.5449685974235764,0,4.3747533543193216,-2344.89806606298,-6.907755278982137
616,human_full25k,combined,nocost,7.901971924269709,0.5449685974235764,0,4.3747533543193216,-2344.5860596620105,-6.907755278982137
617,human_full25k,combined,nocost,6.938854135729371,0.5449685974235764,0,4.3747533543193216,-2346.0837358205104,-6.907755278982137
618,human_full25k,combined,nocost,6.938854135729371,0.5449685974235764,0,4.452947282522696,-2346.4237139363454,-6.907755278982137
